Unit_Id,Annotation,Trusted_Judgment,Expert,Media_Unit-Annotation_Score,Unit_filename,Unit_URL
592,clanging,1,0,0.267261242,ass2.aif,https://www.freesound.org/data/previews/0/592_291-hq.mp3
592,clank,1,0,0.267261242,ass2.aif,https://www.freesound.org/data/previews/0/592_291-hq.mp3
592,crash,1,0,0.267261242,ass2.aif,https://www.freesound.org/data/previews/0/592_291-hq.mp3
592,drop,1,0,0.267261242,ass2.aif,https://www.freesound.org/data/previews/0/592_291-hq.mp3
592,fork,1,1,0,ass2.aif,https://www.freesound.org/data/previews/0/592_291-hq.mp3
592,glass breaking,1,0,0.267261242,ass2.aif,https://www.freesound.org/data/previews/0/592_291-hq.mp3
592,grid,1,0,0.267261242,ass2.aif,https://www.freesound.org/data/previews/0/592_291-hq.mp3
592,kitchen,1,1,0,ass2.aif,https://www.freesound.org/data/previews/0/592_291-hq.mp3
592,knife,1,1,0,ass2.aif,https://www.freesound.org/data/previews/0/592_291-hq.mp3
592,metal on metal,1,0,0.267261242,ass2.aif,https://www.freesound.org/data/previews/0/592_291-hq.mp3
592,metallic grinding,1,0,0.267261242,ass2.aif,https://www.freesound.org/data/previews/0/592_291-hq.mp3
592,pans,1,0,0.267261242,ass2.aif,https://www.freesound.org/data/previews/0/592_291-hq.mp3
592,rattling,1,0,0.267261242,ass2.aif,https://www.freesound.org/data/previews/0/592_291-hq.mp3
592,scraping,1,0,0.267261242,ass2.aif,https://www.freesound.org/data/previews/0/592_291-hq.mp3
592,smashing glass,1,0,0.267261242,ass2.aif,https://www.freesound.org/data/previews/0/592_291-hq.mp3
2300,alien sound effects,1,0,0.21821789,pss480freqbeats.mp3,https://www.freesound.org/data/previews/2/2300_3630-hq.mp3
2300,beat,1,1,0,pss480freqbeats.mp3,https://www.freesound.org/data/previews/2/2300_3630-hq.mp3
2300,computer game,1,0,0.21821789,pss480freqbeats.mp3,https://www.freesound.org/data/previews/2/2300_3630-hq.mp3
2300,electronic sounds,1,0,0.21821789,pss480freqbeats.mp3,https://www.freesound.org/data/previews/2/2300_3630-hq.mp3
2300,keyboard,1,1,0,pss480freqbeats.mp3,https://www.freesound.org/data/previews/2/2300_3630-hq.mp3
2300,musical,1,0,0.21821789,pss480freqbeats.mp3,https://www.freesound.org/data/previews/2/2300_3630-hq.mp3
2300,radio,1,1,0,pss480freqbeats.mp3,https://www.freesound.org/data/previews/2/2300_3630-hq.mp3
2300,robot,1,0,0.21821789,pss480freqbeats.mp3,https://www.freesound.org/data/previews/2/2300_3630-hq.mp3
2300,space,1,1,0,pss480freqbeats.mp3,https://www.freesound.org/data/previews/2/2300_3630-hq.mp3
2300,synth,1,1,0,pss480freqbeats.mp3,https://www.freesound.org/data/previews/2/2300_3630-hq.mp3
2300,synthesizer,1,0,0.21821789,pss480freqbeats.mp3,https://www.freesound.org/data/previews/2/2300_3630-hq.mp3
2300,techno sounds,1,0,0.21821789,pss480freqbeats.mp3,https://www.freesound.org/data/previews/2/2300_3630-hq.mp3
2300,whine,1,0,0.21821789,pss480freqbeats.mp3,https://www.freesound.org/data/previews/2/2300_3630-hq.mp3
3475,bass,1,1,0,bs2.wav,https://www.freesound.org/data/previews/3/3475_4948-hq.mp3
3475,beat,1,0,0.277350098,bs2.wav,https://www.freesound.org/data/previews/3/3475_4948-hq.mp3
3475,bing,1,0,0.277350098,bs2.wav,https://www.freesound.org/data/previews/3/3475_4948-hq.mp3
3475,cell phone text alert,1,0,0.277350098,bs2.wav,https://www.freesound.org/data/previews/3/3475_4948-hq.mp3
3475,click,1,0,0.277350098,bs2.wav,https://www.freesound.org/data/previews/3/3475_4948-hq.mp3
3475,ding,1,0,0.277350098,bs2.wav,https://www.freesound.org/data/previews/3/3475_4948-hq.mp3
3475,dull metallic tap,1,0,0.277350098,bs2.wav,https://www.freesound.org/data/previews/3/3475_4948-hq.mp3
3475,electronic drum,1,0,0.277350098,bs2.wav,https://www.freesound.org/data/previews/3/3475_4948-hq.mp3
3475,guitar,1,1,0,bs2.wav,https://www.freesound.org/data/previews/3/3475_4948-hq.mp3
3475,headstock,1,1,0,bs2.wav,https://www.freesound.org/data/previews/3/3475_4948-hq.mp3
3475,note,1,0,0.277350098,bs2.wav,https://www.freesound.org/data/previews/3/3475_4948-hq.mp3
3475,notification,1,0,0.277350098,bs2.wav,https://www.freesound.org/data/previews/3/3475_4948-hq.mp3
3475,pinging sound,1,0,0.277350098,bs2.wav,https://www.freesound.org/data/previews/3/3475_4948-hq.mp3
3475,pluck,1,1,0,bs2.wav,https://www.freesound.org/data/previews/3/3475_4948-hq.mp3
3475,ring,1,0,0.277350098,bs2.wav,https://www.freesound.org/data/previews/3/3475_4948-hq.mp3
3475,slience,1,0,0.277350098,bs2.wav,https://www.freesound.org/data/previews/3/3475_4948-hq.mp3
3475,string,1,1,0,bs2.wav,https://www.freesound.org/data/previews/3/3475_4948-hq.mp3
4341,drama,1,0,0.196116135,C_S 7.aif,https://www.freesound.org/data/previews/4/4341_7037-hq.mp3
4341,echo,1,0,0.784464541,C_S 7.aif,https://www.freesound.org/data/previews/4/4341_7037-hq.mp3
4341,fm-synthesis,1,1,0,C_S 7.aif,https://www.freesound.org/data/previews/4/4341_7037-hq.mp3
4341,ghostly,1,0,0.196116135,C_S 7.aif,https://www.freesound.org/data/previews/4/4341_7037-hq.mp3
4341,gyration,1,0,0.196116135,C_S 7.aif,https://www.freesound.org/data/previews/4/4341_7037-hq.mp3
4341,noise,1,1,0,C_S 7.aif,https://www.freesound.org/data/previews/4/4341_7037-hq.mp3
4341,processed,1,1,0,C_S 7.aif,https://www.freesound.org/data/previews/4/4341_7037-hq.mp3
4341,rasping,1,0,0.196116135,C_S 7.aif,https://www.freesound.org/data/previews/4/4341_7037-hq.mp3
4341,space,1,1,0,C_S 7.aif,https://www.freesound.org/data/previews/4/4341_7037-hq.mp3
4341,synthesizer,1,0,0.196116135,C_S 7.aif,https://www.freesound.org/data/previews/4/4341_7037-hq.mp3
4341,train,1,0,0.196116135,C_S 7.aif,https://www.freesound.org/data/previews/4/4341_7037-hq.mp3
4341,ufo,1,0,0.196116135,C_S 7.aif,https://www.freesound.org/data/previews/4/4341_7037-hq.mp3
4341,weird hollow sound,1,0,0.196116135,C_S 7.aif,https://www.freesound.org/data/previews/4/4341_7037-hq.mp3
4341,whirring,1,0,0.196116135,C_S 7.aif,https://www.freesound.org/data/previews/4/4341_7037-hq.mp3
5142,140-bpm,1,1,0,ATTACK loop 140 bpm-28.wav,https://www.freesound.org/data/previews/5/5142_2518-hq.mp3
5142,drumloop,1,1,0,ATTACK loop 140 bpm-28.wav,https://www.freesound.org/data/previews/5/5142_2518-hq.mp3
5142,drumming,1,0,0.164398987,ATTACK loop 140 bpm-28.wav,https://www.freesound.org/data/previews/5/5142_2518-hq.mp3
5142,drums,1,0,0.328797975,ATTACK loop 140 bpm-28.wav,https://www.freesound.org/data/previews/5/5142_2518-hq.mp3
5142,house,1,0,0.164398987,ATTACK loop 140 bpm-28.wav,https://www.freesound.org/data/previews/5/5142_2518-hq.mp3
5142,musical,1,0,0.164398987,ATTACK loop 140 bpm-28.wav,https://www.freesound.org/data/previews/5/5142_2518-hq.mp3
5142,revving,1,0,0.164398987,ATTACK loop 140 bpm-28.wav,https://www.freesound.org/data/previews/5/5142_2518-hq.mp3
5142,synthesizer,1,0,0.164398987,ATTACK loop 140 bpm-28.wav,https://www.freesound.org/data/previews/5/5142_2518-hq.mp3
5142,techno,1,1,0,ATTACK loop 140 bpm-28.wav,https://www.freesound.org/data/previews/5/5142_2518-hq.mp3
5142,techno beat,1,0,0.164398987,ATTACK loop 140 bpm-28.wav,https://www.freesound.org/data/previews/5/5142_2518-hq.mp3
5142,techno music,1,0,0.164398987,ATTACK loop 140 bpm-28.wav,https://www.freesound.org/data/previews/5/5142_2518-hq.mp3
5142,trance,1,1,0,ATTACK loop 140 bpm-28.wav,https://www.freesound.org/data/previews/5/5142_2518-hq.mp3
6212,amplifier feedback,1,0,0.25819889,HORROC08.aif,https://www.freesound.org/data/previews/6/6212_4948-hq.mp3
6212,evil,1,1,0,HORROC08.aif,https://www.freesound.org/data/previews/6/6212_4948-hq.mp3
6212,high pitched sound,1,0,0.25819889,HORROC08.aif,https://www.freesound.org/data/previews/6/6212_4948-hq.mp3
6212,high pitched tone,1,0,0.25819889,HORROC08.aif,https://www.freesound.org/data/previews/6/6212_4948-hq.mp3
6212,horror,1,1,0,HORROC08.aif,https://www.freesound.org/data/previews/6/6212_4948-hq.mp3
6212,metallic,1,0,0.25819889,HORROC08.aif,https://www.freesound.org/data/previews/6/6212_4948-hq.mp3
6212,resonance,1,0,0.25819889,HORROC08.aif,https://www.freesound.org/data/previews/6/6212_4948-hq.mp3
6212,screech,1,0,0.25819889,HORROC08.aif,https://www.freesound.org/data/previews/6/6212_4948-hq.mp3
6212,shriek,1,0,0.25819889,HORROC08.aif,https://www.freesound.org/data/previews/6/6212_4948-hq.mp3
6212,shrill,1,0,0.25819889,HORROC08.aif,https://www.freesound.org/data/previews/6/6212_4948-hq.mp3
6212,subtractive,1,1,0,HORROC08.aif,https://www.freesound.org/data/previews/6/6212_4948-hq.mp3
6212,swing,1,0,0.25819889,HORROC08.aif,https://www.freesound.org/data/previews/6/6212_4948-hq.mp3
6212,synthesis,1,1,0,HORROC08.aif,https://www.freesound.org/data/previews/6/6212_4948-hq.mp3
6212,tuning,1,0,0.25819889,HORROC08.aif,https://www.freesound.org/data/previews/6/6212_4948-hq.mp3
6212,whine,1,0,0.25819889,HORROC08.aif,https://www.freesound.org/data/previews/6/6212_4948-hq.mp3
6212,whistle,1,0,0.25819889,HORROC08.aif,https://www.freesound.org/data/previews/6/6212_4948-hq.mp3
7953,accident,1,0,0.204124145,"mo_24-hours-in-24-minutes-6,25p-extract.mp3",https://www.freesound.org/data/previews/7/7953_11661-hq.mp3
7953,alarm,1,0,0.204124145,"mo_24-hours-in-24-minutes-6,25p-extract.mp3",https://www.freesound.org/data/previews/7/7953_11661-hq.mp3
7953,drill,1,0,0.204124145,"mo_24-hours-in-24-minutes-6,25p-extract.mp3",https://www.freesound.org/data/previews/7/7953_11661-hq.mp3
7953,echo,1,0,0.204124145,"mo_24-hours-in-24-minutes-6,25p-extract.mp3",https://www.freesound.org/data/previews/7/7953_11661-hq.mp3
7953,gears,1,0,0.204124145,"mo_24-hours-in-24-minutes-6,25p-extract.mp3",https://www.freesound.org/data/previews/7/7953_11661-hq.mp3
7953,machinery,1,0,0.204124145,"mo_24-hours-in-24-minutes-6,25p-extract.mp3",https://www.freesound.org/data/previews/7/7953_11661-hq.mp3
7953,paper,1,0,0.204124145,"mo_24-hours-in-24-minutes-6,25p-extract.mp3",https://www.freesound.org/data/previews/7/7953_11661-hq.mp3
7953,rattle,1,0,0.204124145,"mo_24-hours-in-24-minutes-6,25p-extract.mp3",https://www.freesound.org/data/previews/7/7953_11661-hq.mp3
7953,recording,1,0,0.204124145,"mo_24-hours-in-24-minutes-6,25p-extract.mp3",https://www.freesound.org/data/previews/7/7953_11661-hq.mp3
7953,screwing,1,0,0.204124145,"mo_24-hours-in-24-minutes-6,25p-extract.mp3",https://www.freesound.org/data/previews/7/7953_11661-hq.mp3
7953,squeeky,1,0,0.204124145,"mo_24-hours-in-24-minutes-6,25p-extract.mp3",https://www.freesound.org/data/previews/7/7953_11661-hq.mp3
7953,strange sounds,1,0,0.204124145,"mo_24-hours-in-24-minutes-6,25p-extract.mp3",https://www.freesound.org/data/previews/7/7953_11661-hq.mp3
7953,suspense,1,0,0.204124145,"mo_24-hours-in-24-minutes-6,25p-extract.mp3",https://www.freesound.org/data/previews/7/7953_11661-hq.mp3
7953,synthesizer,1,0,0.204124145,"mo_24-hours-in-24-minutes-6,25p-extract.mp3",https://www.freesound.org/data/previews/7/7953_11661-hq.mp3
7953,technical,1,0,0.204124145,"mo_24-hours-in-24-minutes-6,25p-extract.mp3",https://www.freesound.org/data/previews/7/7953_11661-hq.mp3
7953,technology,1,0,0.204124145,"mo_24-hours-in-24-minutes-6,25p-extract.mp3",https://www.freesound.org/data/previews/7/7953_11661-hq.mp3
7953,vacuum,1,0,0.204124145,"mo_24-hours-in-24-minutes-6,25p-extract.mp3",https://www.freesound.org/data/previews/7/7953_11661-hq.mp3
7953,whirl,1,0,0.204124145,"mo_24-hours-in-24-minutes-6,25p-extract.mp3",https://www.freesound.org/data/previews/7/7953_11661-hq.mp3
7953,whirring,1,0,0.204124145,"mo_24-hours-in-24-minutes-6,25p-extract.mp3",https://www.freesound.org/data/previews/7/7953_11661-hq.mp3
7953,whistle,1,0,0.204124145,"mo_24-hours-in-24-minutes-6,25p-extract.mp3",https://www.freesound.org/data/previews/7/7953_11661-hq.mp3
7953,wining,1,0,0.204124145,"mo_24-hours-in-24-minutes-6,25p-extract.mp3",https://www.freesound.org/data/previews/7/7953_11661-hq.mp3
7953,zip,1,0,0.204124145,"mo_24-hours-in-24-minutes-6,25p-extract.mp3",https://www.freesound.org/data/previews/7/7953_11661-hq.mp3
8603,acoustic,1,1,0,Fmin_3strs.wav,https://www.freesound.org/data/previews/8/8603_6479-hq.mp3
8603,bar-chords,1,1,0,Fmin_3strs.wav,https://www.freesound.org/data/previews/8/8603_6479-hq.mp3
8603,chord,1,0,0.5,Fmin_3strs.wav,https://www.freesound.org/data/previews/8/8603_6479-hq.mp3
8603,chords,1,1,0,Fmin_3strs.wav,https://www.freesound.org/data/previews/8/8603_6479-hq.mp3
8603,guitar,1,1,0.75,Fmin_3strs.wav,https://www.freesound.org/data/previews/8/8603_6479-hq.mp3
8603,harmony,1,0,0.125,Fmin_3strs.wav,https://www.freesound.org/data/previews/8/8603_6479-hq.mp3
8603,music note,1,0,0.125,Fmin_3strs.wav,https://www.freesound.org/data/previews/8/8603_6479-hq.mp3
8603,nylon-guitar,1,1,0,Fmin_3strs.wav,https://www.freesound.org/data/previews/8/8603_6479-hq.mp3
8603,piano,1,0,0.125,Fmin_3strs.wav,https://www.freesound.org/data/previews/8/8603_6479-hq.mp3
8603,spanish,1,0,0.125,Fmin_3strs.wav,https://www.freesound.org/data/previews/8/8603_6479-hq.mp3
8603,strings,1,0,0.125,Fmin_3strs.wav,https://www.freesound.org/data/previews/8/8603_6479-hq.mp3
8603,strum,1,0,0.25,Fmin_3strs.wav,https://www.freesound.org/data/previews/8/8603_6479-hq.mp3
9079,ah,1,0,0.267261242,computer death.aif,https://www.freesound.org/data/previews/9/9079_23035-hq.mp3
9079,alien,1,1,0,computer death.aif,https://www.freesound.org/data/previews/9/9079_23035-hq.mp3
9079,ascending tone,1,0,0.267261242,computer death.aif,https://www.freesound.org/data/previews/9/9079_23035-hq.mp3
9079,beep,1,0,0.267261242,computer death.aif,https://www.freesound.org/data/previews/9/9079_23035-hq.mp3
9079,delay,1,1,0,computer death.aif,https://www.freesound.org/data/previews/9/9079_23035-hq.mp3
9079,digital,1,1,0,computer death.aif,https://www.freesound.org/data/previews/9/9079_23035-hq.mp3
9079,echo,1,0,0.267261242,computer death.aif,https://www.freesound.org/data/previews/9/9079_23035-hq.mp3
9079,field-recording,1,1,0,computer death.aif,https://www.freesound.org/data/previews/9/9079_23035-hq.mp3
9079,keyboard,1,0,0.267261242,computer death.aif,https://www.freesound.org/data/previews/9/9079_23035-hq.mp3
9079,more strange sounds,1,0,0.267261242,computer death.aif,https://www.freesound.org/data/previews/9/9079_23035-hq.mp3
9079,note,1,0,0.267261242,computer death.aif,https://www.freesound.org/data/previews/9/9079_23035-hq.mp3
9079,resonance,1,0,0.267261242,computer death.aif,https://www.freesound.org/data/previews/9/9079_23035-hq.mp3
9079,reverb,1,1,0,computer death.aif,https://www.freesound.org/data/previews/9/9079_23035-hq.mp3
9079,sci-fi,1,1,0,computer death.aif,https://www.freesound.org/data/previews/9/9079_23035-hq.mp3
9079,symbols,1,0,0.267261242,computer death.aif,https://www.freesound.org/data/previews/9/9079_23035-hq.mp3
9079,synthesizer,1,0,0.267261242,computer death.aif,https://www.freesound.org/data/previews/9/9079_23035-hq.mp3
9079,timestretch,1,1,0,computer death.aif,https://www.freesound.org/data/previews/9/9079_23035-hq.mp3
9079,vocal,1,0,0.267261242,computer death.aif,https://www.freesound.org/data/previews/9/9079_23035-hq.mp3
9079,voice,1,0,0.267261242,computer death.aif,https://www.freesound.org/data/previews/9/9079_23035-hq.mp3
9079,yell,1,0,0.267261242,computer death.aif,https://www.freesound.org/data/previews/9/9079_23035-hq.mp3
11401,boom,1,0,0.242535625,K5005 multisample 01 Sawscape C2.wav,https://www.freesound.org/data/previews/11/11401_2518-hq.mp3
11401,buzz,1,0,0.242535625,K5005 multisample 01 Sawscape C2.wav,https://www.freesound.org/data/previews/11/11401_2518-hq.mp3
11401,foghorn,1,0,0.242535625,K5005 multisample 01 Sawscape C2.wav,https://www.freesound.org/data/previews/11/11401_2518-hq.mp3
11401,guitar,1,0,0.242535625,K5005 multisample 01 Sawscape C2.wav,https://www.freesound.org/data/previews/11/11401_2518-hq.mp3
11401,horn,1,0,0.48507125,K5005 multisample 01 Sawscape C2.wav,https://www.freesound.org/data/previews/11/11401_2518-hq.mp3
11401,multisample,1,1,0,K5005 multisample 01 Sawscape C2.wav,https://www.freesound.org/data/previews/11/11401_2518-hq.mp3
11401,pad,1,1,0,K5005 multisample 01 Sawscape C2.wav,https://www.freesound.org/data/previews/11/11401_2518-hq.mp3
11401,pulsing tone,1,0,0.242535625,K5005 multisample 01 Sawscape C2.wav,https://www.freesound.org/data/previews/11/11401_2518-hq.mp3
11401,reaktor,1,1,0,K5005 multisample 01 Sawscape C2.wav,https://www.freesound.org/data/previews/11/11401_2518-hq.mp3
11401,reverb,1,0,0.242535625,K5005 multisample 01 Sawscape C2.wav,https://www.freesound.org/data/previews/11/11401_2518-hq.mp3
11401,saw,1,1,0,K5005 multisample 01 Sawscape C2.wav,https://www.freesound.org/data/previews/11/11401_2518-hq.mp3
11401,ship,1,0,0.242535625,K5005 multisample 01 Sawscape C2.wav,https://www.freesound.org/data/previews/11/11401_2518-hq.mp3
11401,spacey sound,1,0,0.242535625,K5005 multisample 01 Sawscape C2.wav,https://www.freesound.org/data/previews/11/11401_2518-hq.mp3
11401,vibrating tone,1,0,0.242535625,K5005 multisample 01 Sawscape C2.wav,https://www.freesound.org/data/previews/11/11401_2518-hq.mp3
11401,vibration,1,0,0.242535625,K5005 multisample 01 Sawscape C2.wav,https://www.freesound.org/data/previews/11/11401_2518-hq.mp3
11401,violin,1,0,0.242535625,K5005 multisample 01 Sawscape C2.wav,https://www.freesound.org/data/previews/11/11401_2518-hq.mp3
11401,warning,1,0,0.242535625,K5005 multisample 01 Sawscape C2.wav,https://www.freesound.org/data/previews/11/11401_2518-hq.mp3
11833,alarm,1,0,0.447213595,fall_and_bounce_arp_110BPM_D2.wav,https://www.freesound.org/data/previews/11/11833_32690-hq.mp3
11833,bongo,1,0,0.223606798,fall_and_bounce_arp_110BPM_D2.wav,https://www.freesound.org/data/previews/11/11833_32690-hq.mp3
11833,computerised,1,0,0.223606798,fall_and_bounce_arp_110BPM_D2.wav,https://www.freesound.org/data/previews/11/11833_32690-hq.mp3
11833,drums,1,0,0.223606798,fall_and_bounce_arp_110BPM_D2.wav,https://www.freesound.org/data/previews/11/11833_32690-hq.mp3
11833,echoey,1,0,0.223606798,fall_and_bounce_arp_110BPM_D2.wav,https://www.freesound.org/data/previews/11/11833_32690-hq.mp3
11833,electronics,1,0,0.223606798,fall_and_bounce_arp_110BPM_D2.wav,https://www.freesound.org/data/previews/11/11833_32690-hq.mp3
11833,keyboard,1,0,0.223606798,fall_and_bounce_arp_110BPM_D2.wav,https://www.freesound.org/data/previews/11/11833_32690-hq.mp3
11833,loop,1,1,0,fall_and_bounce_arp_110BPM_D2.wav,https://www.freesound.org/data/previews/11/11833_32690-hq.mp3
11833,mellow,1,0,0.223606798,fall_and_bounce_arp_110BPM_D2.wav,https://www.freesound.org/data/previews/11/11833_32690-hq.mp3
11833,morning,1,0,0.223606798,fall_and_bounce_arp_110BPM_D2.wav,https://www.freesound.org/data/previews/11/11833_32690-hq.mp3
11833,music notes,1,0,0.223606798,fall_and_bounce_arp_110BPM_D2.wav,https://www.freesound.org/data/previews/11/11833_32690-hq.mp3
11833,notification,1,0,0.223606798,fall_and_bounce_arp_110BPM_D2.wav,https://www.freesound.org/data/previews/11/11833_32690-hq.mp3
11833,simple techno beat,1,0,0.223606798,fall_and_bounce_arp_110BPM_D2.wav,https://www.freesound.org/data/previews/11/11833_32690-hq.mp3
11833,synthesizer,1,1,0.223606798,fall_and_bounce_arp_110BPM_D2.wav,https://www.freesound.org/data/previews/11/11833_32690-hq.mp3
11833,techno beat,1,0,0.223606798,fall_and_bounce_arp_110BPM_D2.wav,https://www.freesound.org/data/previews/11/11833_32690-hq.mp3
12044,bass,1,0,0.2,hip hop 2.wav,https://www.freesound.org/data/previews/12/12044_12368-hq.mp3
12044,beat,1,0,0.2,hip hop 2.wav,https://www.freesound.org/data/previews/12/12044_12368-hq.mp3
12044,chords,1,0,0.2,hip hop 2.wav,https://www.freesound.org/data/previews/12/12044_12368-hq.mp3
12044,drum,1,1,0.4,hip hop 2.wav,https://www.freesound.org/data/previews/12/12044_12368-hq.mp3
12044,drumbeat,1,0,0.2,hip hop 2.wav,https://www.freesound.org/data/previews/12/12044_12368-hq.mp3
12044,drumming,1,0,0.2,hip hop 2.wav,https://www.freesound.org/data/previews/12/12044_12368-hq.mp3
12044,funk,1,0,0.2,hip hop 2.wav,https://www.freesound.org/data/previews/12/12044_12368-hq.mp3
12044,hip,1,1,0,hip hop 2.wav,https://www.freesound.org/data/previews/12/12044_12368-hq.mp3
12044,hop,1,1,0,hip hop 2.wav,https://www.freesound.org/data/previews/12/12044_12368-hq.mp3
12044,keyboard,1,0,0.2,hip hop 2.wav,https://www.freesound.org/data/previews/12/12044_12368-hq.mp3
12044,loop,1,1,0,hip hop 2.wav,https://www.freesound.org/data/previews/12/12044_12368-hq.mp3
12044,music,1,0,0.4,hip hop 2.wav,https://www.freesound.org/data/previews/12/12044_12368-hq.mp3
12044,percussion,1,0,0.2,hip hop 2.wav,https://www.freesound.org/data/previews/12/12044_12368-hq.mp3
12044,rhythym,1,0,0.2,hip hop 2.wav,https://www.freesound.org/data/previews/12/12044_12368-hq.mp3
12044,rock rhythm,1,0,0.2,hip hop 2.wav,https://www.freesound.org/data/previews/12/12044_12368-hq.mp3
12044,synthesiser,1,0,0.2,hip hop 2.wav,https://www.freesound.org/data/previews/12/12044_12368-hq.mp3
12044,techno,1,0,0.2,hip hop 2.wav,https://www.freesound.org/data/previews/12/12044_12368-hq.mp3
12044,tinny,1,0,0.2,hip hop 2.wav,https://www.freesound.org/data/previews/12/12044_12368-hq.mp3
14197,brush,1,1,0,2.wav,https://www.freesound.org/data/previews/14/14197_33634-hq.mp3
14197,cilp,1,0,0.229415734,2.wav,https://www.freesound.org/data/previews/14/14197_33634-hq.mp3
14197,cut,1,0,0.229415734,2.wav,https://www.freesound.org/data/previews/14/14197_33634-hq.mp3
14197,flicking,1,0,0.229415734,2.wav,https://www.freesound.org/data/previews/14/14197_33634-hq.mp3
14197,hits,1,1,0,2.wav,https://www.freesound.org/data/previews/14/14197_33634-hq.mp3
14197,objects,1,1,0,2.wav,https://www.freesound.org/data/previews/14/14197_33634-hq.mp3
14197,rustling,1,0,0.229415734,2.wav,https://www.freesound.org/data/previews/14/14197_33634-hq.mp3
14197,scrapes,1,1,0,2.wav,https://www.freesound.org/data/previews/14/14197_33634-hq.mp3
14197,scratching,1,0,0.458831468,2.wav,https://www.freesound.org/data/previews/14/14197_33634-hq.mp3
14197,shake,1,0,0.229415734,2.wav,https://www.freesound.org/data/previews/14/14197_33634-hq.mp3
14197,shuffling sound,1,0,0.229415734,2.wav,https://www.freesound.org/data/previews/14/14197_33634-hq.mp3
14197,slowing,1,0,0.229415734,2.wav,https://www.freesound.org/data/previews/14/14197_33634-hq.mp3
14197,soft,1,0,0.229415734,2.wav,https://www.freesound.org/data/previews/14/14197_33634-hq.mp3
14197,spinning,1,0,0.229415734,2.wav,https://www.freesound.org/data/previews/14/14197_33634-hq.mp3
14197,sputtering,1,0,0.229415734,2.wav,https://www.freesound.org/data/previews/14/14197_33634-hq.mp3
14197,tape reel,1,0,0.229415734,2.wav,https://www.freesound.org/data/previews/14/14197_33634-hq.mp3
14197,tapping,1,0,0.229415734,2.wav,https://www.freesound.org/data/previews/14/14197_33634-hq.mp3
14197,taps,1,1,0,2.wav,https://www.freesound.org/data/previews/14/14197_33634-hq.mp3
14197,thumps,1,1,0,2.wav,https://www.freesound.org/data/previews/14/14197_33634-hq.mp3
14197,tick,1,0,0.229415734,2.wav,https://www.freesound.org/data/previews/14/14197_33634-hq.mp3
14197,trim,1,0,0.229415734,2.wav,https://www.freesound.org/data/previews/14/14197_33634-hq.mp3
14197,variable,1,1,0,2.wav,https://www.freesound.org/data/previews/14/14197_33634-hq.mp3
14197,wheel,1,0,0.229415734,2.wav,https://www.freesound.org/data/previews/14/14197_33634-hq.mp3
16471,beat,1,0,0.324442842,Basic Easy-110-drum.wav,https://www.freesound.org/data/previews/16/16471_52391-hq.mp3
16471,bongo,1,0,0.162221421,Basic Easy-110-drum.wav,https://www.freesound.org/data/previews/16/16471_52391-hq.mp3
16471,cymbals,1,0,0.162221421,Basic Easy-110-drum.wav,https://www.freesound.org/data/previews/16/16471_52391-hq.mp3
16471,drum,1,1,0.648885685,Basic Easy-110-drum.wav,https://www.freesound.org/data/previews/16/16471_52391-hq.mp3
16471,fast music,1,0,0.162221421,Basic Easy-110-drum.wav,https://www.freesound.org/data/previews/16/16471_52391-hq.mp3
16471,house,1,1,0,Basic Easy-110-drum.wav,https://www.freesound.org/data/previews/16/16471_52391-hq.mp3
16471,loop,1,1,0,Basic Easy-110-drum.wav,https://www.freesound.org/data/previews/16/16471_52391-hq.mp3
16471,notes,1,0,0.162221421,Basic Easy-110-drum.wav,https://www.freesound.org/data/previews/16/16471_52391-hq.mp3
16471,percussion,1,0,0.162221421,Basic Easy-110-drum.wav,https://www.freesound.org/data/previews/16/16471_52391-hq.mp3
16471,rattle,1,0,0.162221421,Basic Easy-110-drum.wav,https://www.freesound.org/data/previews/16/16471_52391-hq.mp3
16471,snare,1,0,0.162221421,Basic Easy-110-drum.wav,https://www.freesound.org/data/previews/16/16471_52391-hq.mp3
16471,upbeat,1,0,0.162221421,Basic Easy-110-drum.wav,https://www.freesound.org/data/previews/16/16471_52391-hq.mp3
17426,beat,1,0,0.185695338,Emanuele Di Clemente.wav,https://www.freesound.org/data/previews/17/17426_57900-hq.mp3
17426,clacking,1,0,0.185695338,Emanuele Di Clemente.wav,https://www.freesound.org/data/previews/17/17426_57900-hq.mp3
17426,clicking sound,1,0,0.185695338,Emanuele Di Clemente.wav,https://www.freesound.org/data/previews/17/17426_57900-hq.mp3
17426,finger snapping,1,0,0.185695338,Emanuele Di Clemente.wav,https://www.freesound.org/data/previews/17/17426_57900-hq.mp3
17426,fingers,1,0,0.185695338,Emanuele Di Clemente.wav,https://www.freesound.org/data/previews/17/17426_57900-hq.mp3
17426,masturbating,1,0,0.185695338,Emanuele Di Clemente.wav,https://www.freesound.org/data/previews/17/17426_57900-hq.mp3
17426,mouth,1,1,0,Emanuele Di Clemente.wav,https://www.freesound.org/data/previews/17/17426_57900-hq.mp3
17426,repetitive,1,0,0.185695338,Emanuele Di Clemente.wav,https://www.freesound.org/data/previews/17/17426_57900-hq.mp3
17426,soft,1,0,0.185695338,Emanuele Di Clemente.wav,https://www.freesound.org/data/previews/17/17426_57900-hq.mp3
17426,tap,1,0,0.185695338,Emanuele Di Clemente.wav,https://www.freesound.org/data/previews/17/17426_57900-hq.mp3
17426,tapping,1,0,0.557086015,Emanuele Di Clemente.wav,https://www.freesound.org/data/previews/17/17426_57900-hq.mp3
18395,bang,1,0,0.39223227,rltx.wav,https://www.freesound.org/data/previews/18/18395_71614-hq.mp3
18395,craching,1,0,0.196116135,rltx.wav,https://www.freesound.org/data/previews/18/18395_71614-hq.mp3
18395,crash,1,0,0.588348405,rltx.wav,https://www.freesound.org/data/previews/18/18395_71614-hq.mp3
18395,explosion,1,0,0.39223227,rltx.wav,https://www.freesound.org/data/previews/18/18395_71614-hq.mp3
18395,guitar,1,0,0.196116135,rltx.wav,https://www.freesound.org/data/previews/18/18395_71614-hq.mp3
18395,gunshot,1,0,0.196116135,rltx.wav,https://www.freesound.org/data/previews/18/18395_71614-hq.mp3
18395,loud,1,0,0.196116135,rltx.wav,https://www.freesound.org/data/previews/18/18395_71614-hq.mp3
18395,missile,1,0,0.196116135,rltx.wav,https://www.freesound.org/data/previews/18/18395_71614-hq.mp3
18395,rattle,1,0,0.196116135,rltx.wav,https://www.freesound.org/data/previews/18/18395_71614-hq.mp3
18395,rocket,1,1,0,rltx.wav,https://www.freesound.org/data/previews/18/18395_71614-hq.mp3
18395,thunder,1,0,0.196116135,rltx.wav,https://www.freesound.org/data/previews/18/18395_71614-hq.mp3
20499,complex-filter,1,1,0,aG57_aK2_m102.aiff,https://www.freesound.org/data/previews/20/20499_96-hq.mp3
20499,echo,1,0,0.204124145,aG57_aK2_m102.aiff,https://www.freesound.org/data/previews/20/20499_96-hq.mp3
20499,granular-synthesis,1,1,0,aG57_aK2_m102.aiff,https://www.freesound.org/data/previews/20/20499_96-hq.mp3
20499,horn sound,1,0,0.204124145,aG57_aK2_m102.aiff,https://www.freesound.org/data/previews/20/20499_96-hq.mp3
20499,instrument,1,0,0.204124145,aG57_aK2_m102.aiff,https://www.freesound.org/data/previews/20/20499_96-hq.mp3
20499,long,1,0,0.204124145,aG57_aK2_m102.aiff,https://www.freesound.org/data/previews/20/20499_96-hq.mp3
20499,loud,1,0,0.40824829,aG57_aK2_m102.aiff,https://www.freesound.org/data/previews/20/20499_96-hq.mp3
20499,music,1,0,0.204124145,aG57_aK2_m102.aiff,https://www.freesound.org/data/previews/20/20499_96-hq.mp3
20499,note,1,0,0.204124145,aG57_aK2_m102.aiff,https://www.freesound.org/data/previews/20/20499_96-hq.mp3
20499,orchestra,1,0,0.204124145,aG57_aK2_m102.aiff,https://www.freesound.org/data/previews/20/20499_96-hq.mp3
20499,processed,1,1,0,aG57_aK2_m102.aiff,https://www.freesound.org/data/previews/20/20499_96-hq.mp3
20499,siren,1,0,0.40824829,aG57_aK2_m102.aiff,https://www.freesound.org/data/previews/20/20499_96-hq.mp3
20499,strum,1,0,0.204124145,aG57_aK2_m102.aiff,https://www.freesound.org/data/previews/20/20499_96-hq.mp3
20499,synthesizer,1,0,0.204124145,aG57_aK2_m102.aiff,https://www.freesound.org/data/previews/20/20499_96-hq.mp3
20499,traffic,1,0,0.204124145,aG57_aK2_m102.aiff,https://www.freesound.org/data/previews/20/20499_96-hq.mp3
20499,violin,1,0,0.204124145,aG57_aK2_m102.aiff,https://www.freesound.org/data/previews/20/20499_96-hq.mp3
20499,warning,1,0,0.204124145,aG57_aK2_m102.aiff,https://www.freesound.org/data/previews/20/20499_96-hq.mp3
21266,bangle,1,0,0.136082763,Jazz011.wav,https://www.freesound.org/data/previews/21/21266_88803-hq.mp3
21266,beat,1,1,0.272165527,Jazz011.wav,https://www.freesound.org/data/previews/21/21266_88803-hq.mp3
21266,cymbals,1,0,0.272165527,Jazz011.wav,https://www.freesound.org/data/previews/21/21266_88803-hq.mp3
21266,jazzy drumbeat,1,0,0.136082763,Jazz011.wav,https://www.freesound.org/data/previews/21/21266_88803-hq.mp3
21266,music,1,0,0.136082763,Jazz011.wav,https://www.freesound.org/data/previews/21/21266_88803-hq.mp3
21266,rhythmic,1,0,0.136082763,Jazz011.wav,https://www.freesound.org/data/previews/21/21266_88803-hq.mp3
21266,symbol,1,0,0.136082763,Jazz011.wav,https://www.freesound.org/data/previews/21/21266_88803-hq.mp3
21637,bass,1,0,0.196116135,PB_m32.l2.aiff,https://www.freesound.org/data/previews/21/21637_96-hq.mp3
21637,buzz,1,0,0.196116135,PB_m32.l2.aiff,https://www.freesound.org/data/previews/21/21637_96-hq.mp3
21637,diminuendo,1,0,0.196116135,PB_m32.l2.aiff,https://www.freesound.org/data/previews/21/21637_96-hq.mp3
21637,drums,1,0,0.196116135,PB_m32.l2.aiff,https://www.freesound.org/data/previews/21/21637_96-hq.mp3
21637,feedback,1,0,0.196116135,PB_m32.l2.aiff,https://www.freesound.org/data/previews/21/21637_96-hq.mp3
21637,guitar,1,0,0.196116135,PB_m32.l2.aiff,https://www.freesound.org/data/previews/21/21637_96-hq.mp3
21637,long,1,0,0.196116135,PB_m32.l2.aiff,https://www.freesound.org/data/previews/21/21637_96-hq.mp3
21637,low,1,0,0.196116135,PB_m32.l2.aiff,https://www.freesound.org/data/previews/21/21637_96-hq.mp3
21637,microphone,1,0,0.196116135,PB_m32.l2.aiff,https://www.freesound.org/data/previews/21/21637_96-hq.mp3
21637,note,1,0,0.39223227,PB_m32.l2.aiff,https://www.freesound.org/data/previews/21/21637_96-hq.mp3
21637,pulse,1,1,0,PB_m32.l2.aiff,https://www.freesound.org/data/previews/21/21637_96-hq.mp3
21637,singing-bowl,1,1,0,PB_m32.l2.aiff,https://www.freesound.org/data/previews/21/21637_96-hq.mp3
21637,strum,1,0,0.196116135,PB_m32.l2.aiff,https://www.freesound.org/data/previews/21/21637_96-hq.mp3
21637,synthesiser,1,0,0.196116135,PB_m32.l2.aiff,https://www.freesound.org/data/previews/21/21637_96-hq.mp3
21637,synthetic,1,1,0,PB_m32.l2.aiff,https://www.freesound.org/data/previews/21/21637_96-hq.mp3
21637,tone,1,0,0.588348405,PB_m32.l2.aiff,https://www.freesound.org/data/previews/21/21637_96-hq.mp3
21637,vinyl needle sound,1,0,0.196116135,PB_m32.l2.aiff,https://www.freesound.org/data/previews/21/21637_96-hq.mp3
22795,appliance,1,1,0,BEAT02MT.WAV,https://www.freesound.org/data/previews/22/22795_65748-hq.mp3
22795,beater,1,1,0,BEAT02MT.WAV,https://www.freesound.org/data/previews/22/22795_65748-hq.mp3
22795,blender,1,0,0.304997141,BEAT02MT.WAV,https://www.freesound.org/data/previews/22/22795_65748-hq.mp3
22795,buzz,1,0,0.15249857,BEAT02MT.WAV,https://www.freesound.org/data/previews/22/22795_65748-hq.mp3
22795,drill,1,0,0.762492852,BEAT02MT.WAV,https://www.freesound.org/data/previews/22/22795_65748-hq.mp3
22795,electric,1,1,0,BEAT02MT.WAV,https://www.freesound.org/data/previews/22/22795_65748-hq.mp3
22795,grating,1,0,0.15249857,BEAT02MT.WAV,https://www.freesound.org/data/previews/22/22795_65748-hq.mp3
22795,kitchen,1,1,0,BEAT02MT.WAV,https://www.freesound.org/data/previews/22/22795_65748-hq.mp3
22795,machine,1,0,0.304997141,BEAT02MT.WAV,https://www.freesound.org/data/previews/22/22795_65748-hq.mp3
22795,mixer,1,0,0.15249857,BEAT02MT.WAV,https://www.freesound.org/data/previews/22/22795_65748-hq.mp3
22795,noisy,1,0,0.15249857,BEAT02MT.WAV,https://www.freesound.org/data/previews/22/22795_65748-hq.mp3
22795,rattle,1,0,0.15249857,BEAT02MT.WAV,https://www.freesound.org/data/previews/22/22795_65748-hq.mp3
22795,whirring,1,0,0.15249857,BEAT02MT.WAV,https://www.freesound.org/data/previews/22/22795_65748-hq.mp3
26086,birds,1,0,0.538815906,hühnchen.mp3,https://www.freesound.org/data/previews/26/26086_11477-hq.mp3
26086,blowers,1,0,0.179605302,hühnchen.mp3,https://www.freesound.org/data/previews/26/26086_11477-hq.mp3
26086,chicken,1,1,0.179605302,hühnchen.mp3,https://www.freesound.org/data/previews/26/26086_11477-hq.mp3
26086,cluck,1,0,0.179605302,hühnchen.mp3,https://www.freesound.org/data/previews/26/26086_11477-hq.mp3
26086,cockrell,1,0,0.179605302,hühnchen.mp3,https://www.freesound.org/data/previews/26/26086_11477-hq.mp3
26086,field,1,1,0,hühnchen.mp3,https://www.freesound.org/data/previews/26/26086_11477-hq.mp3
26086,gaggle,1,1,0,hühnchen.mp3,https://www.freesound.org/data/previews/26/26086_11477-hq.mp3
26086,geese,1,0,0.359210604,hühnchen.mp3,https://www.freesound.org/data/previews/26/26086_11477-hq.mp3
26086,gulls,1,0,0.179605302,hühnchen.mp3,https://www.freesound.org/data/previews/26/26086_11477-hq.mp3
26086,horns,1,0,0.359210604,hühnchen.mp3,https://www.freesound.org/data/previews/26/26086_11477-hq.mp3
26086,howling,1,0,0.179605302,hühnchen.mp3,https://www.freesound.org/data/previews/26/26086_11477-hq.mp3
26086,recording,1,1,0,hühnchen.mp3,https://www.freesound.org/data/previews/26/26086_11477-hq.mp3
26086,squawking,1,0,0.179605302,hühnchen.mp3,https://www.freesound.org/data/previews/26/26086_11477-hq.mp3
26086,squeaking,1,0,0.179605302,hühnchen.mp3,https://www.freesound.org/data/previews/26/26086_11477-hq.mp3
26086,waterfowl,1,0,0.179605302,hühnchen.mp3,https://www.freesound.org/data/previews/26/26086_11477-hq.mp3
27788,alarm,1,1,0.115470054,roland-juno106-lfo-to-dco-sirene.wav,https://www.freesound.org/data/previews/27/27788_154509-hq.mp3
27788,analog,1,1,0,roland-juno106-lfo-to-dco-sirene.wav,https://www.freesound.org/data/previews/27/27788_154509-hq.mp3
27788,annoying,1,0,0.115470054,roland-juno106-lfo-to-dco-sirene.wav,https://www.freesound.org/data/previews/27/27788_154509-hq.mp3
27788,electronic,1,1,0,roland-juno106-lfo-to-dco-sirene.wav,https://www.freesound.org/data/previews/27/27788_154509-hq.mp3
27788,escape,1,0,0.115470054,roland-juno106-lfo-to-dco-sirene.wav,https://www.freesound.org/data/previews/27/27788_154509-hq.mp3
27788,high,1,0,0.115470054,roland-juno106-lfo-to-dco-sirene.wav,https://www.freesound.org/data/previews/27/27788_154509-hq.mp3
27788,horn,1,0,0.115470054,roland-juno106-lfo-to-dco-sirene.wav,https://www.freesound.org/data/previews/27/27788_154509-hq.mp3
27788,loud,1,0,0.230940108,roland-juno106-lfo-to-dco-sirene.wav,https://www.freesound.org/data/previews/27/27788_154509-hq.mp3
27788,repetitive,1,0,0.115470054,roland-juno106-lfo-to-dco-sirene.wav,https://www.freesound.org/data/previews/27/27788_154509-hq.mp3
27788,sci-fi,1,1,0,roland-juno106-lfo-to-dco-sirene.wav,https://www.freesound.org/data/previews/27/27788_154509-hq.mp3
27788,siren,1,1,0.923760431,roland-juno106-lfo-to-dco-sirene.wav,https://www.freesound.org/data/previews/27/27788_154509-hq.mp3
27788,soundeffect,1,1,0,roland-juno106-lfo-to-dco-sirene.wav,https://www.freesound.org/data/previews/27/27788_154509-hq.mp3
27788,synth,1,1,0,roland-juno106-lfo-to-dco-sirene.wav,https://www.freesound.org/data/previews/27/27788_154509-hq.mp3
27788,wailing,1,1,0,roland-juno106-lfo-to-dco-sirene.wav,https://www.freesound.org/data/previews/27/27788_154509-hq.mp3
30190,120,1,1,0,cello 6 loop.wav,https://www.freesound.org/data/previews/30/30190_215874-hq.mp3
30190,bpm,1,1,0,cello 6 loop.wav,https://www.freesound.org/data/previews/30/30190_215874-hq.mp3
30190,cello,1,1,0,cello 6 loop.wav,https://www.freesound.org/data/previews/30/30190_215874-hq.mp3
30190,classical,1,1,0,cello 6 loop.wav,https://www.freesound.org/data/previews/30/30190_215874-hq.mp3
30190,electronic music,1,0,0.15430335,cello 6 loop.wav,https://www.freesound.org/data/previews/30/30190_215874-hq.mp3
30190,horror,1,0,0.15430335,cello 6 loop.wav,https://www.freesound.org/data/previews/30/30190_215874-hq.mp3
30190,keyboard,1,0,0.15430335,cello 6 loop.wav,https://www.freesound.org/data/previews/30/30190_215874-hq.mp3
30190,loop,1,1,0,cello 6 loop.wav,https://www.freesound.org/data/previews/30/30190_215874-hq.mp3
30190,music,1,1,0.77151675,cello 6 loop.wav,https://www.freesound.org/data/previews/30/30190_215874-hq.mp3
30190,notes,1,0,0.15430335,cello 6 loop.wav,https://www.freesound.org/data/previews/30/30190_215874-hq.mp3
30190,orchestra,1,1,0.15430335,cello 6 loop.wav,https://www.freesound.org/data/previews/30/30190_215874-hq.mp3
30190,piano,1,0,0.46291005,cello 6 loop.wav,https://www.freesound.org/data/previews/30/30190_215874-hq.mp3
30190,quick,1,0,0.15430335,cello 6 loop.wav,https://www.freesound.org/data/previews/30/30190_215874-hq.mp3
30190,rhythmic,1,1,0,cello 6 loop.wav,https://www.freesound.org/data/previews/30/30190_215874-hq.mp3
30190,strings,1,1,0,cello 6 loop.wav,https://www.freesound.org/data/previews/30/30190_215874-hq.mp3
30190,suspense,1,0,0.15430335,cello 6 loop.wav,https://www.freesound.org/data/previews/30/30190_215874-hq.mp3
30190,synth,1,1,0,cello 6 loop.wav,https://www.freesound.org/data/previews/30/30190_215874-hq.mp3
30190,tones,1,0,0.15430335,cello 6 loop.wav,https://www.freesound.org/data/previews/30/30190_215874-hq.mp3
30643,bell,1,0,0.174077656,slide001.wav,https://www.freesound.org/data/previews/30/30643_95609-hq.mp3
30643,departure,1,0,0.174077656,slide001.wav,https://www.freesound.org/data/previews/30/30643_95609-hq.mp3
30643,guitar,1,1,0,slide001.wav,https://www.freesound.org/data/previews/30/30643_95609-hq.mp3
30643,horn sound,1,0,0.174077656,slide001.wav,https://www.freesound.org/data/previews/30/30643_95609-hq.mp3
30643,instrument,1,0,0.174077656,slide001.wav,https://www.freesound.org/data/previews/30/30643_95609-hq.mp3
30643,long,1,0,0.174077656,slide001.wav,https://www.freesound.org/data/previews/30/30643_95609-hq.mp3
30643,machine,1,0,0.174077656,slide001.wav,https://www.freesound.org/data/previews/30/30643_95609-hq.mp3
30643,note,1,0,0.174077656,slide001.wav,https://www.freesound.org/data/previews/30/30643_95609-hq.mp3
30643,paper,1,1,0,slide001.wav,https://www.freesound.org/data/previews/30/30643_95609-hq.mp3
30643,rattle,1,0,0.174077656,slide001.wav,https://www.freesound.org/data/previews/30/30643_95609-hq.mp3
30643,reverse,1,1,0,slide001.wav,https://www.freesound.org/data/previews/30/30643_95609-hq.mp3
30643,scrape,1,0,0.174077656,slide001.wav,https://www.freesound.org/data/previews/30/30643_95609-hq.mp3
30643,screeching,1,0,0.174077656,slide001.wav,https://www.freesound.org/data/previews/30/30643_95609-hq.mp3
30643,siren,1,0,0.174077656,slide001.wav,https://www.freesound.org/data/previews/30/30643_95609-hq.mp3
30643,slide,1,1,0,slide001.wav,https://www.freesound.org/data/previews/30/30643_95609-hq.mp3
30643,tear,1,1,0,slide001.wav,https://www.freesound.org/data/previews/30/30643_95609-hq.mp3
30643,train,1,0,0.348155312,slide001.wav,https://www.freesound.org/data/previews/30/30643_95609-hq.mp3
30643,vaccuum,1,0,0.174077656,slide001.wav,https://www.freesound.org/data/previews/30/30643_95609-hq.mp3
30643,whistle,1,0,0.174077656,slide001.wav,https://www.freesound.org/data/previews/30/30643_95609-hq.mp3
30865,bass,1,1,0.166666667,maria's dream picked bass cut 2.wav,https://www.freesound.org/data/previews/30/30865_248225-hq.mp3
30865,bass sound,1,0,0.166666667,maria's dream picked bass cut 2.wav,https://www.freesound.org/data/previews/30/30865_248225-hq.mp3
30865,guitar,1,0,0.666666667,maria's dream picked bass cut 2.wav,https://www.freesound.org/data/previews/30/30865_248225-hq.mp3
30865,keyboard,1,0,0.166666667,maria's dream picked bass cut 2.wav,https://www.freesound.org/data/previews/30/30865_248225-hq.mp3
30865,music,1,0,0.166666667,maria's dream picked bass cut 2.wav,https://www.freesound.org/data/previews/30/30865_248225-hq.mp3
30865,notes,1,0,0.333333333,maria's dream picked bass cut 2.wav,https://www.freesound.org/data/previews/30/30865_248225-hq.mp3
30865,organ,1,0,0.166666667,maria's dream picked bass cut 2.wav,https://www.freesound.org/data/previews/30/30865_248225-hq.mp3
30865,piano,1,0,0.166666667,maria's dream picked bass cut 2.wav,https://www.freesound.org/data/previews/30/30865_248225-hq.mp3
30865,string,1,0,0.333333333,maria's dream picked bass cut 2.wav,https://www.freesound.org/data/previews/30/30865_248225-hq.mp3
30865,strum,1,0,0.166666667,maria's dream picked bass cut 2.wav,https://www.freesound.org/data/previews/30/30865_248225-hq.mp3
30865,synthesiser,1,0,0.166666667,maria's dream picked bass cut 2.wav,https://www.freesound.org/data/previews/30/30865_248225-hq.mp3
30865,tune,1,0,0.333333333,maria's dream picked bass cut 2.wav,https://www.freesound.org/data/previews/30/30865_248225-hq.mp3
31703,american,1,0,0.188982237,come on.wav,https://www.freesound.org/data/previews/31/31703_92661-hq.mp3
31703,cheering,1,0,0.56694671,come on.wav,https://www.freesound.org/data/previews/31/31703_92661-hq.mp3
31703,encouragment,1,0,0.188982237,come on.wav,https://www.freesound.org/data/previews/31/31703_92661-hq.mp3
31703,fan at game,1,0,0.188982237,come on.wav,https://www.freesound.org/data/previews/31/31703_92661-hq.mp3
31703,guy,1,0,0.188982237,come on.wav,https://www.freesound.org/data/previews/31/31703_92661-hq.mp3
31703,human,1,1,0,come on.wav,https://www.freesound.org/data/previews/31/31703_92661-hq.mp3
31703,male,1,0,0.188982237,come on.wav,https://www.freesound.org/data/previews/31/31703_92661-hq.mp3
31703,motivation,1,0,0.188982237,come on.wav,https://www.freesound.org/data/previews/31/31703_92661-hq.mp3
31703,night-club,1,1,0,come on.wav,https://www.freesound.org/data/previews/31/31703_92661-hq.mp3
31703,screaming,1,0,0.188982237,come on.wav,https://www.freesound.org/data/previews/31/31703_92661-hq.mp3
31703,someone shouting,1,0,0.188982237,come on.wav,https://www.freesound.org/data/previews/31/31703_92661-hq.mp3
31703,talk,1,0,0.188982237,come on.wav,https://www.freesound.org/data/previews/31/31703_92661-hq.mp3
31703,voice,1,1,0.188982237,come on.wav,https://www.freesound.org/data/previews/31/31703_92661-hq.mp3
31703,voice-over,1,1,0,come on.wav,https://www.freesound.org/data/previews/31/31703_92661-hq.mp3
31703,words,1,0,0.188982237,come on.wav,https://www.freesound.org/data/previews/31/31703_92661-hq.mp3
31703,yell,1,0,0.188982237,come on.wav,https://www.freesound.org/data/previews/31/31703_92661-hq.mp3
33073,alarm,1,0,0.23570226,Rave.wav,https://www.freesound.org/data/previews/33/33073_164285-hq.mp3
33073,ambeint,1,1,0,Rave.wav,https://www.freesound.org/data/previews/33/33073_164285-hq.mp3
33073,annoying,1,0,0.23570226,Rave.wav,https://www.freesound.org/data/previews/33/33073_164285-hq.mp3
33073,circuit-bent,1,1,0,Rave.wav,https://www.freesound.org/data/previews/33/33073_164285-hq.mp3
33073,circuits,1,1,0,Rave.wav,https://www.freesound.org/data/previews/33/33073_164285-hq.mp3
33073,distortion,1,0,0.23570226,Rave.wav,https://www.freesound.org/data/previews/33/33073_164285-hq.mp3
33073,electro,1,1,0,Rave.wav,https://www.freesound.org/data/previews/33/33073_164285-hq.mp3
33073,electronic,1,0,0.23570226,Rave.wav,https://www.freesound.org/data/previews/33/33073_164285-hq.mp3
33073,feedback,1,0,0.23570226,Rave.wav,https://www.freesound.org/data/previews/33/33073_164285-hq.mp3
33073,glitch,1,1,0,Rave.wav,https://www.freesound.org/data/previews/33/33073_164285-hq.mp3
33073,grating,1,0,0.23570226,Rave.wav,https://www.freesound.org/data/previews/33/33073_164285-hq.mp3
33073,high,1,0,0.23570226,Rave.wav,https://www.freesound.org/data/previews/33/33073_164285-hq.mp3
33073,horrible screeching sound,1,0,0.23570226,Rave.wav,https://www.freesound.org/data/previews/33/33073_164285-hq.mp3
33073,interference,1,0,0.23570226,Rave.wav,https://www.freesound.org/data/previews/33/33073_164285-hq.mp3
33073,noise,1,1,0,Rave.wav,https://www.freesound.org/data/previews/33/33073_164285-hq.mp3
33073,pitch,1,0,0.23570226,Rave.wav,https://www.freesound.org/data/previews/33/33073_164285-hq.mp3
33073,shrill,1,0,0.23570226,Rave.wav,https://www.freesound.org/data/previews/33/33073_164285-hq.mp3
33073,slightly-messed-with,1,1,0,Rave.wav,https://www.freesound.org/data/previews/33/33073_164285-hq.mp3
33073,squeal,1,0,0.23570226,Rave.wav,https://www.freesound.org/data/previews/33/33073_164285-hq.mp3
33073,static,1,0,0.23570226,Rave.wav,https://www.freesound.org/data/previews/33/33073_164285-hq.mp3
33073,static-crush,1,1,0,Rave.wav,https://www.freesound.org/data/previews/33/33073_164285-hq.mp3
33073,whistle,1,0,0.23570226,Rave.wav,https://www.freesound.org/data/previews/33/33073_164285-hq.mp3
33161,beat,1,0,0.142857143,snare_rolldown.wav,https://www.freesound.org/data/previews/33/33161_261373-hq.mp3
33161,crash,1,0,0.142857143,snare_rolldown.wav,https://www.freesound.org/data/previews/33/33161_261373-hq.mp3
33161,drum,1,0,0.857142857,snare_rolldown.wav,https://www.freesound.org/data/previews/33/33161_261373-hq.mp3
33161,drumbeat,1,0,0.142857143,snare_rolldown.wav,https://www.freesound.org/data/previews/33/33161_261373-hq.mp3
33161,hit,1,1,0,snare_rolldown.wav,https://www.freesound.org/data/previews/33/33161_261373-hq.mp3
33161,percussion,1,1,0,snare_rolldown.wav,https://www.freesound.org/data/previews/33/33161_261373-hq.mp3
33161,roll,1,1,0,snare_rolldown.wav,https://www.freesound.org/data/previews/33/33161_261373-hq.mp3
33161,snare,1,1,0,snare_rolldown.wav,https://www.freesound.org/data/previews/33/33161_261373-hq.mp3
33161,studio,1,1,0,snare_rolldown.wav,https://www.freesound.org/data/previews/33/33161_261373-hq.mp3
33283,pub,0,0,0,beat2b.wav,https://www.freesound.org/data/previews/33/33283_185990-hq.mp3
34186,ambience,1,1,0,deep bass rumble 2.wav,https://www.freesound.org/data/previews/34/34186_215874-hq.mp3
34186,atmosphere,1,1,0,deep bass rumble 2.wav,https://www.freesound.org/data/previews/34/34186_215874-hq.mp3
34186,bomb,1,1,0,deep bass rumble 2.wav,https://www.freesound.org/data/previews/34/34186_215874-hq.mp3
34186,boom,1,1,0,deep bass rumble 2.wav,https://www.freesound.org/data/previews/34/34186_215874-hq.mp3
34186,car,1,0,0.21821789,deep bass rumble 2.wav,https://www.freesound.org/data/previews/34/34186_215874-hq.mp3
34186,cinematic,1,1,0,deep bass rumble 2.wav,https://www.freesound.org/data/previews/34/34186_215874-hq.mp3
34186,city,1,1,0,deep bass rumble 2.wav,https://www.freesound.org/data/previews/34/34186_215874-hq.mp3
34186,dark,1,1,0,deep bass rumble 2.wav,https://www.freesound.org/data/previews/34/34186_215874-hq.mp3
34186,echo,1,0,0.21821789,deep bass rumble 2.wav,https://www.freesound.org/data/previews/34/34186_215874-hq.mp3
34186,electro,1,1,0,deep bass rumble 2.wav,https://www.freesound.org/data/previews/34/34186_215874-hq.mp3
34186,emptiness,1,0,0.21821789,deep bass rumble 2.wav,https://www.freesound.org/data/previews/34/34186_215874-hq.mp3
34186,helicopter,1,0,0.21821789,deep bass rumble 2.wav,https://www.freesound.org/data/previews/34/34186_215874-hq.mp3
34186,low,1,0,0.21821789,deep bass rumble 2.wav,https://www.freesound.org/data/previews/34/34186_215874-hq.mp3
34186,motor,1,0,0.21821789,deep bass rumble 2.wav,https://www.freesound.org/data/previews/34/34186_215874-hq.mp3
34186,music,1,1,0,deep bass rumble 2.wav,https://www.freesound.org/data/previews/34/34186_215874-hq.mp3
34186,percussion,1,1,0,deep bass rumble 2.wav,https://www.freesound.org/data/previews/34/34186_215874-hq.mp3
34186,processed,1,1,0,deep bass rumble 2.wav,https://www.freesound.org/data/previews/34/34186_215874-hq.mp3
34186,roar,1,0,0.21821789,deep bass rumble 2.wav,https://www.freesound.org/data/previews/34/34186_215874-hq.mp3
34186,rumble,1,1,0.21821789,deep bass rumble 2.wav,https://www.freesound.org/data/previews/34/34186_215874-hq.mp3
34186,sci-fi,1,1,0,deep bass rumble 2.wav,https://www.freesound.org/data/previews/34/34186_215874-hq.mp3
34186,silence,1,0,0.21821789,deep bass rumble 2.wav,https://www.freesound.org/data/previews/34/34186_215874-hq.mp3
34186,sinister,1,0,0.21821789,deep bass rumble 2.wav,https://www.freesound.org/data/previews/34/34186_215874-hq.mp3
34186,space,1,1,0,deep bass rumble 2.wav,https://www.freesound.org/data/previews/34/34186_215874-hq.mp3
34186,synth,1,1,0,deep bass rumble 2.wav,https://www.freesound.org/data/previews/34/34186_215874-hq.mp3
34186,weather,1,0,0.21821789,deep bass rumble 2.wav,https://www.freesound.org/data/previews/34/34186_215874-hq.mp3
34186,wind,1,0,0.654653671,deep bass rumble 2.wav,https://www.freesound.org/data/previews/34/34186_215874-hq.mp3
35823,music,1,0,0.875189949,weird drums02.wav,https://www.freesound.org/data/previews/35/35823_317782-hq.mp3
35823,band,1,0,0.145864991,weird drums02.wav,https://www.freesound.org/data/previews/35/35823_317782-hq.mp3
35823,disco,1,0,0.145864991,weird drums02.wav,https://www.freesound.org/data/previews/35/35823_317782-hq.mp3
35823,drum,1,1,0.145864991,weird drums02.wav,https://www.freesound.org/data/previews/35/35823_317782-hq.mp3
35823,funky,1,0,0.145864991,weird drums02.wav,https://www.freesound.org/data/previews/35/35823_317782-hq.mp3
35823,fx,1,1,0,weird drums02.wav,https://www.freesound.org/data/previews/35/35823_317782-hq.mp3
35823,instruments,1,0,0.145864991,weird drums02.wav,https://www.freesound.org/data/previews/35/35823_317782-hq.mp3
35823,loop,1,1,0,weird drums02.wav,https://www.freesound.org/data/previews/35/35823_317782-hq.mp3
35823,notes,1,0,0.145864991,weird drums02.wav,https://www.freesound.org/data/previews/35/35823_317782-hq.mp3
35823,piano,1,0,0.145864991,weird drums02.wav,https://www.freesound.org/data/previews/35/35823_317782-hq.mp3
35823,sounds,1,0,0.145864991,weird drums02.wav,https://www.freesound.org/data/previews/35/35823_317782-hq.mp3
35823,static,1,0,0.145864991,weird drums02.wav,https://www.freesound.org/data/previews/35/35823_317782-hq.mp3
35823,tones,1,0,0.145864991,weird drums02.wav,https://www.freesound.org/data/previews/35/35823_317782-hq.mp3
35823,tune,1,0,0.145864991,weird drums02.wav,https://www.freesound.org/data/previews/35/35823_317782-hq.mp3
35882,3-year-old,1,1,0,roxana - waar ben je.wav,https://www.freesound.org/data/previews/35/35882_2-hq.mp3
35882,babbling,1,0,0.125988158,roxana - waar ben je.wav,https://www.freesound.org/data/previews/35/35882_2-hq.mp3
35882,child,1,0,0.629940788,roxana - waar ben je.wav,https://www.freesound.org/data/previews/35/35882_2-hq.mp3
35882,dutch,1,1,0,roxana - waar ben je.wav,https://www.freesound.org/data/previews/35/35882_2-hq.mp3
35882,garble,1,0,0.125988158,roxana - waar ben je.wav,https://www.freesound.org/data/previews/35/35882_2-hq.mp3
35882,girl,1,1,0,roxana - waar ben je.wav,https://www.freesound.org/data/previews/35/35882_2-hq.mp3
35882,jabber,1,0,0.125988158,roxana - waar ben je.wav,https://www.freesound.org/data/previews/35/35882_2-hq.mp3
35882,roxana,1,1,0,roxana - waar ben je.wav,https://www.freesound.org/data/previews/35/35882_2-hq.mp3
35882,spoken,1,1,0,roxana - waar ben je.wav,https://www.freesound.org/data/previews/35/35882_2-hq.mp3
35882,talk,1,0,0.125988158,roxana - waar ben je.wav,https://www.freesound.org/data/previews/35/35882_2-hq.mp3
35882,toddler,1,0,0.251976315,roxana - waar ben je.wav,https://www.freesound.org/data/previews/35/35882_2-hq.mp3
35882,voice,1,0,0.125988158,roxana - waar ben je.wav,https://www.freesound.org/data/previews/35/35882_2-hq.mp3
38741,bass,1,1,0,wierdo.wav,https://www.freesound.org/data/previews/38/38741_338714-hq.mp3
38741,beep,1,0,0.242535625,wierdo.wav,https://www.freesound.org/data/previews/38/38741_338714-hq.mp3
38741,drum,1,0,0.242535625,wierdo.wav,https://www.freesound.org/data/previews/38/38741_338714-hq.mp3
38741,electro,1,0,0.242535625,wierdo.wav,https://www.freesound.org/data/previews/38/38741_338714-hq.mp3
38741,electronic,1,1,0,wierdo.wav,https://www.freesound.org/data/previews/38/38741_338714-hq.mp3
38741,electronics,1,0,0.242535625,wierdo.wav,https://www.freesound.org/data/previews/38/38741_338714-hq.mp3
38741,engine,1,0,0.242535625,wierdo.wav,https://www.freesound.org/data/previews/38/38741_338714-hq.mp3
38741,low,1,0,0.242535625,wierdo.wav,https://www.freesound.org/data/previews/38/38741_338714-hq.mp3
38741,machine,1,0,0.242535625,wierdo.wav,https://www.freesound.org/data/previews/38/38741_338714-hq.mp3
38741,metallic,1,1,0,wierdo.wav,https://www.freesound.org/data/previews/38/38741_338714-hq.mp3
38741,moving,1,0,0.242535625,wierdo.wav,https://www.freesound.org/data/previews/38/38741_338714-hq.mp3
38741,percussion,1,1,0,wierdo.wav,https://www.freesound.org/data/previews/38/38741_338714-hq.mp3
38741,rhythm,1,1,0,wierdo.wav,https://www.freesound.org/data/previews/38/38741_338714-hq.mp3
38741,robot,1,0,0.242535625,wierdo.wav,https://www.freesound.org/data/previews/38/38741_338714-hq.mp3
38741,sequence,1,1,0,wierdo.wav,https://www.freesound.org/data/previews/38/38741_338714-hq.mp3
38741,sequenced,1,1,0,wierdo.wav,https://www.freesound.org/data/previews/38/38741_338714-hq.mp3
38741,sounds,1,0,0.242535625,wierdo.wav,https://www.freesound.org/data/previews/38/38741_338714-hq.mp3
38741,space,1,0,0.242535625,wierdo.wav,https://www.freesound.org/data/previews/38/38741_338714-hq.mp3
38741,squeak,1,0,0.242535625,wierdo.wav,https://www.freesound.org/data/previews/38/38741_338714-hq.mp3
38741,squeeching,1,0,0.242535625,wierdo.wav,https://www.freesound.org/data/previews/38/38741_338714-hq.mp3
38741,synthesizer,1,1,0,wierdo.wav,https://www.freesound.org/data/previews/38/38741_338714-hq.mp3
38741,tones,1,0,0.242535625,wierdo.wav,https://www.freesound.org/data/previews/38/38741_338714-hq.mp3
38741,tune,1,0,0.242535625,wierdo.wav,https://www.freesound.org/data/previews/38/38741_338714-hq.mp3
38741,walking,1,0,0.242535625,wierdo.wav,https://www.freesound.org/data/previews/38/38741_338714-hq.mp3
38741,whistle,1,1,0,wierdo.wav,https://www.freesound.org/data/previews/38/38741_338714-hq.mp3
39329,acoustic,1,1,0,trip hop-07.wav,https://www.freesound.org/data/previews/39/39329_404624-hq.mp3
39329,beat,1,0,0.371390676,trip hop-07.wav,https://www.freesound.org/data/previews/39/39329_404624-hq.mp3
39329,chimes,1,0,0.185695338,trip hop-07.wav,https://www.freesound.org/data/previews/39/39329_404624-hq.mp3
39329,drum,1,1,0.371390676,trip hop-07.wav,https://www.freesound.org/data/previews/39/39329_404624-hq.mp3
39329,drum kit,1,0,0.185695338,trip hop-07.wav,https://www.freesound.org/data/previews/39/39329_404624-hq.mp3
39329,loops,1,1,0,trip hop-07.wav,https://www.freesound.org/data/previews/39/39329_404624-hq.mp3
39329,notes,1,0,0.185695338,trip hop-07.wav,https://www.freesound.org/data/previews/39/39329_404624-hq.mp3
39329,percussion,1,0,0.371390676,trip hop-07.wav,https://www.freesound.org/data/previews/39/39329_404624-hq.mp3
39329,slow music,1,0,0.185695338,trip hop-07.wav,https://www.freesound.org/data/previews/39/39329_404624-hq.mp3
39329,symbols,1,0,0.185695338,trip hop-07.wav,https://www.freesound.org/data/previews/39/39329_404624-hq.mp3
39329,tapping,1,0,0.185695338,trip hop-07.wav,https://www.freesound.org/data/previews/39/39329_404624-hq.mp3
39329,tune,1,0,0.185695338,trip hop-07.wav,https://www.freesound.org/data/previews/39/39329_404624-hq.mp3
39370,annoying,1,0,0.188982237,Low Moire.wav,https://www.freesound.org/data/previews/39/39370_338714-hq.mp3
39370,electronic,1,1,0,Low Moire.wav,https://www.freesound.org/data/previews/39/39370_338714-hq.mp3
39370,feedback,1,0,0.188982237,Low Moire.wav,https://www.freesound.org/data/previews/39/39370_338714-hq.mp3
39370,flutter,1,1,0,Low Moire.wav,https://www.freesound.org/data/previews/39/39370_338714-hq.mp3
39370,hair shaver,1,0,0.188982237,Low Moire.wav,https://www.freesound.org/data/previews/39/39370_338714-hq.mp3
39370,long,1,0,0.188982237,Low Moire.wav,https://www.freesound.org/data/previews/39/39370_338714-hq.mp3
39370,loud,1,0,0.188982237,Low Moire.wav,https://www.freesound.org/data/previews/39/39370_338714-hq.mp3
39370,noise,1,0,0.188982237,Low Moire.wav,https://www.freesound.org/data/previews/39/39370_338714-hq.mp3
39370,pitch,1,0,0.188982237,Low Moire.wav,https://www.freesound.org/data/previews/39/39370_338714-hq.mp3
39370,rasp,1,1,0,Low Moire.wav,https://www.freesound.org/data/previews/39/39370_338714-hq.mp3
39370,razor,1,0,0.188982237,Low Moire.wav,https://www.freesound.org/data/previews/39/39370_338714-hq.mp3
39370,sine,1,1,0,Low Moire.wav,https://www.freesound.org/data/previews/39/39370_338714-hq.mp3
39370,throaty,1,1,0,Low Moire.wav,https://www.freesound.org/data/previews/39/39370_338714-hq.mp3
39370,tone,1,1,0.188982237,Low Moire.wav,https://www.freesound.org/data/previews/39/39370_338714-hq.mp3
40197,baritone,1,0,0.188982237,bcl 09.wav,https://www.freesound.org/data/previews/40/40197_417293-hq.mp3
40197,bass,1,1,0.188982237,bcl 09.wav,https://www.freesound.org/data/previews/40/40197_417293-hq.mp3
40197,guitar,1,0,0.755928946,bcl 09.wav,https://www.freesound.org/data/previews/40/40197_417293-hq.mp3
40197,instrument,1,0,0.188982237,bcl 09.wav,https://www.freesound.org/data/previews/40/40197_417293-hq.mp3
40197,keyboard,1,0,0.188982237,bcl 09.wav,https://www.freesound.org/data/previews/40/40197_417293-hq.mp3
40197,loop,1,1,0,bcl 09.wav,https://www.freesound.org/data/previews/40/40197_417293-hq.mp3
40197,low,1,0,0.188982237,bcl 09.wav,https://www.freesound.org/data/previews/40/40197_417293-hq.mp3
40197,lowtoned,1,0,0.188982237,bcl 09.wav,https://www.freesound.org/data/previews/40/40197_417293-hq.mp3
40197,notes,1,0,0.188982237,bcl 09.wav,https://www.freesound.org/data/previews/40/40197_417293-hq.mp3
40197,nothing,1,0,0.188982237,bcl 09.wav,https://www.freesound.org/data/previews/40/40197_417293-hq.mp3
40197,piano,1,0,0.188982237,bcl 09.wav,https://www.freesound.org/data/previews/40/40197_417293-hq.mp3
40197,strings,1,0,0.188982237,bcl 09.wav,https://www.freesound.org/data/previews/40/40197_417293-hq.mp3
40197,strum,1,0,0.188982237,bcl 09.wav,https://www.freesound.org/data/previews/40/40197_417293-hq.mp3
40197,tune,1,0,0.188982237,bcl 09.wav,https://www.freesound.org/data/previews/40/40197_417293-hq.mp3
41462,clicks,1,0,0.242535625,beerglasses_full2.wav,https://www.freesound.org/data/previews/41/41462_78779-hq.mp3
41462,clink,1,0,0.242535625,beerglasses_full2.wav,https://www.freesound.org/data/previews/41/41462_78779-hq.mp3
41462,ding,1,0,0.242535625,beerglasses_full2.wav,https://www.freesound.org/data/previews/41/41462_78779-hq.mp3
41462,dink,1,0,0.242535625,beerglasses_full2.wav,https://www.freesound.org/data/previews/41/41462_78779-hq.mp3
41462,drums,1,0,0.242535625,beerglasses_full2.wav,https://www.freesound.org/data/previews/41/41462_78779-hq.mp3
41462,glass,1,1,0.48507125,beerglasses_full2.wav,https://www.freesound.org/data/previews/41/41462_78779-hq.mp3
41462,knock,1,0,0.242535625,beerglasses_full2.wav,https://www.freesound.org/data/previews/41/41462_78779-hq.mp3
41462,short,1,0,0.242535625,beerglasses_full2.wav,https://www.freesound.org/data/previews/41/41462_78779-hq.mp3
41462,silence,1,0,0.242535625,beerglasses_full2.wav,https://www.freesound.org/data/previews/41/41462_78779-hq.mp3
41462,soda,1,1,0,beerglasses_full2.wav,https://www.freesound.org/data/previews/41/41462_78779-hq.mp3
41462,static,1,0,0.242535625,beerglasses_full2.wav,https://www.freesound.org/data/previews/41/41462_78779-hq.mp3
41462,thump,1,0,0.242535625,beerglasses_full2.wav,https://www.freesound.org/data/previews/41/41462_78779-hq.mp3
41462,visual,1,1,0,beerglasses_full2.wav,https://www.freesound.org/data/previews/41/41462_78779-hq.mp3
43003,alien,1,0,0.25819889,crystal.WAV,https://www.freesound.org/data/previews/43/43003_4948-hq.mp3
43003,crystal,1,1,0,crystal.WAV,https://www.freesound.org/data/previews/43/43003_4948-hq.mp3
43003,electronic,1,0,0.25819889,crystal.WAV,https://www.freesound.org/data/previews/43/43003_4948-hq.mp3
43003,feedback,1,0,0.25819889,crystal.WAV,https://www.freesound.org/data/previews/43/43003_4948-hq.mp3
43003,image,1,1,0,crystal.WAV,https://www.freesound.org/data/previews/43/43003_4948-hq.mp3
43003,loud,1,0,0.25819889,crystal.WAV,https://www.freesound.org/data/previews/43/43003_4948-hq.mp3
43003,musical,1,0,0.25819889,crystal.WAV,https://www.freesound.org/data/previews/43/43003_4948-hq.mp3
43003,space,1,1,0.516397779,crystal.WAV,https://www.freesound.org/data/previews/43/43003_4948-hq.mp3
43003,space vawes,1,0,0.25819889,crystal.WAV,https://www.freesound.org/data/previews/43/43003_4948-hq.mp3
43003,synth,1,1,0,crystal.WAV,https://www.freesound.org/data/previews/43/43003_4948-hq.mp3
43003,tinkle,1,0,0.25819889,crystal.WAV,https://www.freesound.org/data/previews/43/43003_4948-hq.mp3
43003,tones,1,0,0.25819889,crystal.WAV,https://www.freesound.org/data/previews/43/43003_4948-hq.mp3
44460,ambience,1,1,0,shtwv min 4 radnoiz 2.wav,https://www.freesound.org/data/previews/44/44460_215874-hq.mp3
44460,disco,1,0,0.25819889,shtwv min 4 radnoiz 2.wav,https://www.freesound.org/data/previews/44/44460_215874-hq.mp3
44460,electronic,1,1,0,shtwv min 4 radnoiz 2.wav,https://www.freesound.org/data/previews/44/44460_215874-hq.mp3
44460,interference,1,0,0.25819889,shtwv min 4 radnoiz 2.wav,https://www.freesound.org/data/previews/44/44460_215874-hq.mp3
44460,noise,1,1,0,shtwv min 4 radnoiz 2.wav,https://www.freesound.org/data/previews/44/44460_215874-hq.mp3
44460,radio,1,1,0,shtwv min 4 radnoiz 2.wav,https://www.freesound.org/data/previews/44/44460_215874-hq.mp3
44460,radio signal,1,0,0.25819889,shtwv min 4 radnoiz 2.wav,https://www.freesound.org/data/previews/44/44460_215874-hq.mp3
44460,radio static,1,0,0.25819889,shtwv min 4 radnoiz 2.wav,https://www.freesound.org/data/previews/44/44460_215874-hq.mp3
44460,radio waves,1,0,0.25819889,shtwv min 4 radnoiz 2.wav,https://www.freesound.org/data/previews/44/44460_215874-hq.mp3
44460,shortwave,1,1,0,shtwv min 4 radnoiz 2.wav,https://www.freesound.org/data/previews/44/44460_215874-hq.mp3
44460,sound,1,0,0.25819889,shtwv min 4 radnoiz 2.wav,https://www.freesound.org/data/previews/44/44460_215874-hq.mp3
44460,static,1,1,0.516397779,shtwv min 4 radnoiz 2.wav,https://www.freesound.org/data/previews/44/44460_215874-hq.mp3
44460,transmission,1,0,0.25819889,shtwv min 4 radnoiz 2.wav,https://www.freesound.org/data/previews/44/44460_215874-hq.mp3
44460,whee,1,0,0.25819889,shtwv min 4 radnoiz 2.wav,https://www.freesound.org/data/previews/44/44460_215874-hq.mp3
44460,whine,1,0,0.25819889,shtwv min 4 radnoiz 2.wav,https://www.freesound.org/data/previews/44/44460_215874-hq.mp3
44460,whirl,1,0,0.25819889,shtwv min 4 radnoiz 2.wav,https://www.freesound.org/data/previews/44/44460_215874-hq.mp3
44521,duhhhhh,0,0,0,_resnare 4 .wav,https://www.freesound.org/data/previews/44/44521_485825-hq.mp3
45207,bass,1,1,0,Dance Pt. 7.wav,https://www.freesound.org/data/previews/45/45207_508997-hq.mp3
45207,beat,1,1,0.188982237,Dance Pt. 7.wav,https://www.freesound.org/data/previews/45/45207_508997-hq.mp3
45207,beep,1,0,0.188982237,Dance Pt. 7.wav,https://www.freesound.org/data/previews/45/45207_508997-hq.mp3
45207,disco,1,0,0.188982237,Dance Pt. 7.wav,https://www.freesound.org/data/previews/45/45207_508997-hq.mp3
45207,dot,1,0,0.188982237,Dance Pt. 7.wav,https://www.freesound.org/data/previews/45/45207_508997-hq.mp3
45207,drumloop,1,1,0,Dance Pt. 7.wav,https://www.freesound.org/data/previews/45/45207_508997-hq.mp3
45207,electro music,1,0,0.188982237,Dance Pt. 7.wav,https://www.freesound.org/data/previews/45/45207_508997-hq.mp3
45207,melody,1,1,0,Dance Pt. 7.wav,https://www.freesound.org/data/previews/45/45207_508997-hq.mp3
45207,progression,1,1,0,Dance Pt. 7.wav,https://www.freesound.org/data/previews/45/45207_508997-hq.mp3
45207,stacatto,1,0,0.188982237,Dance Pt. 7.wav,https://www.freesound.org/data/previews/45/45207_508997-hq.mp3
45207,techno,1,1,0.377964473,Dance Pt. 7.wav,https://www.freesound.org/data/previews/45/45207_508997-hq.mp3
47217,90bpm,1,1,0,delphis ICE DICES LOOP #090 (GROOVE).wav,https://www.freesound.org/data/previews/47/47217_180659-hq.mp3
47217,bag,1,0,0.267261242,delphis ICE DICES LOOP #090 (GROOVE).wav,https://www.freesound.org/data/previews/47/47217_180659-hq.mp3
47217,beads,1,0,0.267261242,delphis ICE DICES LOOP #090 (GROOVE).wav,https://www.freesound.org/data/previews/47/47217_180659-hq.mp3
47217,crackling,1,0,0.267261242,delphis ICE DICES LOOP #090 (GROOVE).wav,https://www.freesound.org/data/previews/47/47217_180659-hq.mp3
47217,crinkle,1,0,0.534522484,delphis ICE DICES LOOP #090 (GROOVE).wav,https://www.freesound.org/data/previews/47/47217_180659-hq.mp3
47217,crinkling,1,0,0.267261242,delphis ICE DICES LOOP #090 (GROOVE).wav,https://www.freesound.org/data/previews/47/47217_180659-hq.mp3
47217,crumpling,1,0,0.267261242,delphis ICE DICES LOOP #090 (GROOVE).wav,https://www.freesound.org/data/previews/47/47217_180659-hq.mp3
47217,crunch,1,1,0,delphis ICE DICES LOOP #090 (GROOVE).wav,https://www.freesound.org/data/previews/47/47217_180659-hq.mp3
47217,dice,1,1,0,delphis ICE DICES LOOP #090 (GROOVE).wav,https://www.freesound.org/data/previews/47/47217_180659-hq.mp3
47217,ice,1,1,0,delphis ICE DICES LOOP #090 (GROOVE).wav,https://www.freesound.org/data/previews/47/47217_180659-hq.mp3
47217,ice chips,1,0,0.267261242,delphis ICE DICES LOOP #090 (GROOVE).wav,https://www.freesound.org/data/previews/47/47217_180659-hq.mp3
47217,loop,1,1,0,delphis ICE DICES LOOP #090 (GROOVE).wav,https://www.freesound.org/data/previews/47/47217_180659-hq.mp3
47217,paper,1,0,0.267261242,delphis ICE DICES LOOP #090 (GROOVE).wav,https://www.freesound.org/data/previews/47/47217_180659-hq.mp3
47217,shake,1,1,0,delphis ICE DICES LOOP #090 (GROOVE).wav,https://www.freesound.org/data/previews/47/47217_180659-hq.mp3
47217,sound,1,0,0.267261242,delphis ICE DICES LOOP #090 (GROOVE).wav,https://www.freesound.org/data/previews/47/47217_180659-hq.mp3
48224,beep,1,0,0.25,trumpetF3.wav,https://www.freesound.org/data/previews/48/48224_539209-hq.mp3
48224,hum,1,0,0.25,trumpetF3.wav,https://www.freesound.org/data/previews/48/48224_539209-hq.mp3
48224,trumpet,1,1,0.75,trumpetF3.wav,https://www.freesound.org/data/previews/48/48224_539209-hq.mp3
49911,music beats,1,0,0,loop05-02.wav,https://www.freesound.org/data/previews/49/49911_7423-hq.mp3
49972,music,0,0,0,XRayBelt.aif,https://www.freesound.org/data/previews/49/49972_251523-hq.mp3
51126,music,0,0,0,Activating Alarm Buttons Pressed Bleeps.WAV,https://www.freesound.org/data/previews/51/51126_179538-hq.mp3
53069,man,1,0,0,name161.wav,https://www.freesound.org/data/previews/53/53069_8043-hq.mp3
53308,music,1,0,0.316227766,DJB_12.WAV,https://www.freesound.org/data/previews/53/53308_547769-hq.mp3
53327,music,0,0,0,DJB_32_blast.WAV,https://www.freesound.org/data/previews/53/53327_547769-hq.mp3
53870,music,0,0,0,harpwobble007.wav,https://www.freesound.org/data/previews/53/53870_335299-hq.mp3
53900,music,0,0,0,hit014.wav,https://www.freesound.org/data/previews/53/53900_335299-hq.mp3
54118,music,1,0,0.534522484,Orion Pattern 3.wav,https://www.freesound.org/data/previews/54/54118_164285-hq.mp3
56231,music,1,0,0.333333333,introgui.wav,https://www.freesound.org/data/previews/56/56231_110001-hq.mp3
56989,music,0,0,0,sineboing2.wav,https://www.freesound.org/data/previews/56/56989_4948-hq.mp3
58429,bullet,0,0,0,sonokids-omni_10.wav,https://www.freesound.org/data/previews/58/58429_308-hq.mp3
58438,roxy,0,0,0,sonokids-omni_19.wav,https://www.freesound.org/data/previews/58/58438_308-hq.mp3
58438,tone,1,0,0,sonokids-omni_19.wav,https://www.freesound.org/data/previews/58/58438_308-hq.mp3
58442,modern,0,0,0,sonokids-omni_23.wav,https://www.freesound.org/data/previews/58/58442_308-hq.mp3
58520,modern,0,0,0,04.wav,https://www.freesound.org/data/previews/58/58520_734018-hq.mp3
58530,modern,0,0,0,16.wav,https://www.freesound.org/data/previews/58/58530_734018-hq.mp3
58530,rgag,0,0,0,16.wav,https://www.freesound.org/data/previews/58/58530_734018-hq.mp3
58533,jjj,0,0,0,19.wav,https://www.freesound.org/data/previews/58/58533_734018-hq.mp3
58536,dou,0,0,0,22.wav,https://www.freesound.org/data/previews/58/58536_734018-hq.mp3
58786,modern,0,0,0,call_day.wav,https://www.freesound.org/data/previews/58/58786_111920-hq.mp3
58786,rgag,0,0,0,call_day.wav,https://www.freesound.org/data/previews/58/58786_111920-hq.mp3
59628,firing,0,0,0,japanesesodamachinereturn.mp3,https://www.freesound.org/data/previews/59/59628_27178-hq.mp3
59628,relax,0,0,0,japanesesodamachinereturn.mp3,https://www.freesound.org/data/previews/59/59628_27178-hq.mp3
60030,gdff,0,0,0,Swosh / Whoosh / Air Cut,https://www.freesound.org/data/previews/60/60030_71257-hq.mp3
60379,bang,0,0,0,bottle cap 1st open 001.WAV,https://www.freesound.org/data/previews/60/60379_564398-hq.mp3
60379,music,0,0,0,bottle cap 1st open 001.WAV,https://www.freesound.org/data/previews/60/60379_564398-hq.mp3
61468,bang,0,0,0,aa028 Sabian AAX splash 8 edge weak.wav,https://www.freesound.org/data/previews/61/61468_321967-hq.mp3
61468,music,0,0,0,aa028 Sabian AAX splash 8 edge weak.wav,https://www.freesound.org/data/previews/61/61468_321967-hq.mp3
62346,bang,0,0,0,stem beatbox 4a.wav,https://www.freesound.org/data/previews/62/62346_9499-hq.mp3
62346,music,0,0,0,stem beatbox 4a.wav,https://www.freesound.org/data/previews/62/62346_9499-hq.mp3
62526,kiuts,0,0,0,icefillingbottle.wav,https://www.freesound.org/data/previews/62/62526_791247-hq.mp3
62760,music,0,0,0,faderattack.wav,https://www.freesound.org/data/previews/62/62760_4948-hq.mp3
63080,music,0,0,0,siren 0010.wav,https://www.freesound.org/data/previews/63/63080_76945-hq.mp3
63818,music,0,0,0,canon-on-distance.wav,https://www.freesound.org/data/previews/63/63818_118241-hq.mp3
64089,sexy,0,0,0,phone_ pick_up_put_down.wav,https://www.freesound.org/data/previews/64/64089_389799-hq.mp3
65208,bang,0,0,0,081222_01d--.wav,https://www.freesound.org/data/previews/65/65208_695835-hq.mp3
65669,bang,0,0,0,chimecordercorder2.wav,https://www.freesound.org/data/previews/65/65669_4948-hq.mp3
66264,aww tseccct,0,0,0,SAW1.AIF,https://www.freesound.org/data/previews/66/66264_425238-hq.mp3
66864,bang,0,0,0,fart 31.MP3,https://www.freesound.org/data/previews/66/66864_384275-hq.mp3
67927,bang,0,0,0,TS-CPad_B01-027.wav,https://www.freesound.org/data/previews/67/67927_965389-hq.mp3
68603,modern,0,0,0,Clave7030.wav,https://www.freesound.org/data/previews/68/68603_19778-hq.mp3
68603,rgag,0,0,0,Clave7030.wav,https://www.freesound.org/data/previews/68/68603_19778-hq.mp3
68605,electrical shock,1,0,0,GuiroShort7030.wav,https://www.freesound.org/data/previews/68/68605_19778-hq.mp3
68695,bang,1,0,0.371390676,HammerNailBL.wav,https://www.freesound.org/data/previews/68/68695_734611-hq.mp3
69709,uuuuuuuuuuuuu,0,0,0,3.wav,https://www.freesound.org/data/previews/69/69709_866625-hq.mp3
69717,modern,0,0,0,start_1.wav,https://www.freesound.org/data/previews/69/69717_866625-hq.mp3
69717,rgag,0,0,0,start_1.wav,https://www.freesound.org/data/previews/69/69717_866625-hq.mp3
69722,tlut,0,0,0,stop_4.wav,https://www.freesound.org/data/previews/69/69722_866625-hq.mp3
70845,bang,0,0,0,Corde 66 F#3.aif,https://www.freesound.org/data/previews/70/70845_1031833-hq.mp3
72051,rambo,0,0,0,glitch_perc_15.aif,https://www.freesound.org/data/previews/72/72051_7037-hq.mp3
72927,hello,0,0,0,Low-fi Snare.aif,https://www.freesound.org/data/previews/72/72927_518358-hq.mp3
72927,pop,1,0,0,Low-fi Snare.aif,https://www.freesound.org/data/previews/72/72927_518358-hq.mp3
75932,bang,0,0,0,wildwood_expressouttakeloop.wav,https://www.freesound.org/data/previews/75/75932_4948-hq.mp3
76047,bang,0,0,0,Dramatic7.wav,https://www.freesound.org/data/previews/76/76047_29541-hq.mp3
76283,bang,0,0,0,velcro01.wav,https://www.freesound.org/data/previews/76/76283_646701-hq.mp3
76675,bang,0,0,0,nu1.wav,https://www.freesound.org/data/previews/76/76675_38815-hq.mp3
78867,modern,0,0,0,min4.mp3,https://www.freesound.org/data/previews/78/78867_735966-hq.mp3
83769,kan,0,0,0,Skip_that_1.wav,https://www.freesound.org/data/previews/83/83769_29541-hq.mp3
83771,modern,0,0,0,Skip_that_3.wav,https://www.freesound.org/data/previews/83/83771_29541-hq.mp3
84373,modern,0,0,0,Nandoo - Drum Roll.wav,https://www.freesound.org/data/previews/84/84373_1293335-hq.mp3
84594,modern,0,0,0,Nandoo - Pathfinder Kick.wav,https://www.freesound.org/data/previews/84/84594_1293335-hq.mp3
84595,modern,0,0,0,Nandoo - TechKick2.wav,https://www.freesound.org/data/previews/84/84595_1293335-hq.mp3
84596,modern,0,0,0,Nandoo - TechKick3.wav,https://www.freesound.org/data/previews/84/84596_1293335-hq.mp3
84605,modern,0,0,0,Nandoo - Wayfinder Kick.wav,https://www.freesound.org/data/previews/84/84605_1293335-hq.mp3
108991,oye,0,0,0,glitch SFX_031.wav,https://www.freesound.org/data/previews/108/108991_1888795-hq.mp3
108999,prgpg,0,0,0,glitch SFX_038.wav,https://www.freesound.org/data/previews/108/108999_1888795-hq.mp3
109017,lip,0,0,0,glitch SFX_056.wav,https://www.freesound.org/data/previews/109/109017_1888795-hq.mp3
109017,pagal,0,0,0,glitch SFX_056.wav,https://www.freesound.org/data/previews/109/109017_1888795-hq.mp3
109024,pagsa,0,0,0,glitch SFX_063.wav,https://www.freesound.org/data/previews/109/109024_1888795-hq.mp3
109034,lun,0,0,0,glitch SFX_073.wav,https://www.freesound.org/data/previews/109/109034_1888795-hq.mp3
109035,leao,0,0,0,glitch SFX_074.wav,https://www.freesound.org/data/previews/109/109035_1888795-hq.mp3
109037,drizzle,0,0,0,glitch SFX_076.wav,https://www.freesound.org/data/previews/109/109037_1888795-hq.mp3
109038,modern,0,0,0,glitch SFX_077.wav,https://www.freesound.org/data/previews/109/109038_1888795-hq.mp3
109041,kala,0,0,0,glitch SFX_079.wav,https://www.freesound.org/data/previews/109/109041_1888795-hq.mp3
109048,jabar,0,0,0,glitch SFX_086.wav,https://www.freesound.org/data/previews/109/109048_1888795-hq.mp3
109049,modern,0,0,0,glitch SFX_087.wav,https://www.freesound.org/data/previews/109/109049_1888795-hq.mp3
109049,rgag,0,0,0,glitch SFX_087.wav,https://www.freesound.org/data/previews/109/109049_1888795-hq.mp3
109052,gtt,0,0,0,glitch SFX_090.wav,https://www.freesound.org/data/previews/109/109052_1888795-hq.mp3
109056,das,0,0,0,glitch SFX_094.wav,https://www.freesound.org/data/previews/109/109056_1888795-hq.mp3
109056,gaga,0,0,0,glitch SFX_094.wav,https://www.freesound.org/data/previews/109/109056_1888795-hq.mp3
111117,modern,0,0,0,tearing paper_13.wav,https://www.freesound.org/data/previews/111/111117_1888795-hq.mp3
111119,it large,0,0,0,tearing paper_15.wav,https://www.freesound.org/data/previews/111/111119_1888795-hq.mp3
113125,modern,0,0,0,FrontDoor12.wav,https://www.freesound.org/data/previews/113/113125_71309-hq.mp3
113135,kilii,0,0,0,FrontDoor5.wav,https://www.freesound.org/data/previews/113/113135_71309-hq.mp3
113155,modern,0,0,0,hits_bathroomStomp5.wav,https://www.freesound.org/data/previews/113/113155_71309-hq.mp3
115150,modern,0,0,0,cvak_05.wav,https://www.freesound.org/data/previews/115/115150_739478-hq.mp3
115157,modern,0,0,0,cvak_11.wav,https://www.freesound.org/data/previews/115/115157_739478-hq.mp3
115161,pink ponk,0,0,0,cvak_15.wav,https://www.freesound.org/data/previews/115/115161_739478-hq.mp3
115174,mak,0,0,0,cvak_28.wav,https://www.freesound.org/data/previews/115/115174_739478-hq.mp3
115179,modern,0,0,0,cvak_33.wav,https://www.freesound.org/data/previews/115/115179_739478-hq.mp3
115181,aknwoidege,0,0,0,cvak_35.wav,https://www.freesound.org/data/previews/115/115181_739478-hq.mp3
115195,modern,0,0,0,cvak_49.wav,https://www.freesound.org/data/previews/115/115195_739478-hq.mp3
117422,good,0,0,0,dryer_door_opening.wav,https://www.freesound.org/data/previews/117/117422_1218676-hq.mp3
117422,pata,0,0,0,dryer_door_opening.wav,https://www.freesound.org/data/previews/117/117422_1218676-hq.mp3
123178,duduhhh,0,0,0,Klick Verbs-01.wav,https://www.freesound.org/data/previews/123/123178_214099-hq.mp3
123182,duh,0,0,0,Klick Verbs-05.wav,https://www.freesound.org/data/previews/123/123182_214099-hq.mp3
123183,duh,0,0,0,Klick Verbs-06.wav,https://www.freesound.org/data/previews/123/123183_214099-hq.mp3
123188,dugduh,0,0,0,Klick Verbs-11.wav,https://www.freesound.org/data/previews/123/123188_214099-hq.mp3
123192,duhhhh,0,0,0,Klick Verbs-15.wav,https://www.freesound.org/data/previews/123/123192_214099-hq.mp3
123199,dugduh,0,0,0,Klick Verbs-22.wav,https://www.freesound.org/data/previews/123/123199_214099-hq.mp3
125404,modern,0,0,0,Metallic Clang.aif,https://www.freesound.org/data/previews/125/125404_2279655-hq.mp3
125612,modern,0,0,0,chopperplate2.wav,https://www.freesound.org/data/previews/125/125612_4948-hq.mp3
131896,modern,0,0,0,Plugging In Guitar.wav,https://www.freesound.org/data/previews/131/131896_2398403-hq.mp3
132318,dug,0,0,0,Juno 106 klixxx BD#01.77.aif,https://www.freesound.org/data/previews/132/132318_328500-hq.mp3
133913,modern,0,0,0,drum4.wav,https://www.freesound.org/data/previews/133/133913_516569-hq.mp3
133923,galling,0,0,0,drum21.wav,https://www.freesound.org/data/previews/133/133923_516569-hq.mp3
133925,galling,0,0,0,drum27.wav,https://www.freesound.org/data/previews/133/133925_516569-hq.mp3
133936,jkujht,0,0,0,drum5.wav,https://www.freesound.org/data/previews/133/133936_516569-hq.mp3
133937,gert,0,0,0,drum6.wav,https://www.freesound.org/data/previews/133/133937_516569-hq.mp3
133963,adsas,0,0,0,drum33.wav,https://www.freesound.org/data/previews/133/133963_516569-hq.mp3
136715,modern,0,0,0,MECH001,https://www.freesound.org/data/previews/136/136715_2482480-hq.mp3
136716,modern,0,0,0,MECH002.wav,https://www.freesound.org/data/previews/136/136716_2482480-hq.mp3
136728,ggg,0,0,0,INDUSTHIT002,https://www.freesound.org/data/previews/136/136728_2482480-hq.mp3
136793,galling,0,0,0,FX008,https://www.freesound.org/data/previews/136/136793_2482480-hq.mp3
136813,modern,0,0,0,INDUSTHIT016,https://www.freesound.org/data/previews/136/136813_2482480-hq.mp3
136831,ggg,0,0,0,MECH003,https://www.freesound.org/data/previews/136/136831_2482480-hq.mp3
137896,known,0,0,0,Robot voice - activating.wav,https://www.freesound.org/data/previews/137/137896_2526129-hq.mp3
137906,gggggg,0,0,0,Robot voice - searching.wav,https://www.freesound.org/data/previews/137/137906_2526129-hq.mp3
137926,kato,0,0,0,Robot voice - virus deleted.wav,https://www.freesound.org/data/previews/137/137926_2526129-hq.mp3
137928,modern,0,0,0,Robot voice - deactivating.wav,https://www.freesound.org/data/previews/137/137928_2526129-hq.mp3
140439,ggggggg,0,0,0,step48v3.wav,https://www.freesound.org/data/previews/140/140439_2527354-hq.mp3
142026,jina,0,0,0,SmallRocketPassingDry.mp3,https://www.freesound.org/data/previews/142/142026_129090-hq.mp3
146259,galling,0,0,0,machine_small_1.wav,https://www.freesound.org/data/previews/146/146259_2191202-hq.mp3
147398,ggggggg,0,0,0,FX_metallic3.wav,https://www.freesound.org/data/previews/147/147398_2638956-hq.mp3
147407,qweq,0,0,0,FX_up4.wav,https://www.freesound.org/data/previews/147/147407_2638956-hq.mp3
147423,kiwkiwiwki,0,0,0,FX_SH3.wav,https://www.freesound.org/data/previews/147/147423_2638956-hq.mp3
147443,qeqw,0,0,0,FX_LFO8.wav,https://www.freesound.org/data/previews/147/147443_2638956-hq.mp3
148904,modern,0,0,0,Door Close2.aif,https://www.freesound.org/data/previews/148/148904_2578041-hq.mp3
155155,modern,0,0,0,Gun Drop 1,https://www.freesound.org/data/previews/155/155155_2306565-hq.mp3
155162,qweg,0,0,0,Wooden Clatter,https://www.freesound.org/data/previews/155/155162_2306565-hq.mp3
155164,modern,0,0,0,GunShell3,https://www.freesound.org/data/previews/155/155164_2306565-hq.mp3
155166,raju,0,0,0,GunShell1,https://www.freesound.org/data/previews/155/155166_2306565-hq.mp3
155169,qweq,0,0,0,GunShell6,https://www.freesound.org/data/previews/155/155169_2306565-hq.mp3
156150,grost gkyet,0,0,0,005-GaugeBrightnessDialClose.wav,https://www.freesound.org/data/previews/156/156150_1277206-hq.mp3
157087,modern,0,0,0,Picking up gun,https://www.freesound.org/data/previews/157/157087_2835342-hq.mp3
157569,kite,0,0,0,cartoon jump.wav,https://www.freesound.org/data/previews/157/157569_2829662-hq.mp3
157569,piiiim,0,0,0,cartoon jump.wav,https://www.freesound.org/data/previews/157/157569_2829662-hq.mp3
158786,plot plet plot plet,0,0,0,futuresoundfx-728.mp3,https://www.freesound.org/data/previews/158/158786_2871314-hq.mp3
159763,asff,0,0,0,Cowbell_rattle_2.aif,https://www.freesound.org/data/previews/159/159763_2578041-hq.mp3
159763,modern,0,0,0,Cowbell_rattle_2.aif,https://www.freesound.org/data/previews/159/159763_2578041-hq.mp3
160749,dru dru dru dru,0,0,0,polisher.wav,https://www.freesound.org/data/previews/160/160749_2898104-hq.mp3
161694,jip,0,0,0,Error.wav,https://www.freesound.org/data/previews/161/161694_2641011-hq.mp3
